timestamp,temp,vibration,pressure,target
2026-01-07 23:12:28.473420,67.49080237694724,0.4802857225639665,104.6398788362281,0
2026-01-07 23:22:28.473420,71.97316968394074,0.1624074561769746,93.11989040672405,0
2026-01-07 23:32:28.473420,61.16167224336399,0.4464704583099741,102.02230023486418,0
2026-01-07 23:42:28.473420,74.1614515559209,0.10823379771832098,109.39819704323989,0
2026-01-07 23:52:28.473420,76.64885281600843,0.18493564427131048,93.63649934414201,0
2026-01-08 00:02:28.473420,63.66809019706868,0.2216968971838151,100.49512863264476,0
2026-01-08 00:12:28.473420,68.63890037284231,0.21649165607921678,102.23705789444759,0
2026-01-08 00:22:28.473420,62.78987721304084,0.21685785941408728,97.32723686587383,0
2026-01-08 00:32:28.473420,69.12139968434072,0.41407038455720546,93.9934756431672,0
2026-01-08 00:42:28.473420,70.28468876827223,0.33696582754481696,90.92900825439996,0
2026-01-08 00:52:28.473420,72.15089703802877,0.16820964947491662,91.30103185970559,0
2026-01-08 01:02:28.473420,78.97771074506667,0.4862528132298237,106.16794696232922,0
2026-01-08 01:12:28.473420,66.09227538346741,0.13906884560255356,103.68466053024314,0
2026-01-08 01:22:28.473420,68.80304987479202,0.14881529393791154,99.9035382022254,0
2026-01-08 01:32:28.473420,60.68777042230437,0.4637281608315128,95.17559963200034,0
2026-01-08 01:42:28.473420,73.25044568707963,0.2246844304357644,100.40136042355621,0
2026-01-08 01:52:28.473420,70.93420558686559,0.17394178221021084,109.39169255529117,0
2026-01-08 02:02:28.473420,75.5026564672223,0.4757995766256756,107.89654700855297,0
2026-01-08 02:12:28.473420,71.95799957622171,0.4687496940092467,91.7698500410384,0
2026-01-08 02:22:28.473420,63.919657248382904,0.11809091556421523,96.50660661526528,0
2026-01-08 02:32:28.473420,67.77354579378964,0.20853961270955837,106.57475018303859,0
2026-01-08 02:42:28.473420,67.1350665338718,0.2123738038749523,100.85392166316497,0
2026-01-08 02:52:28.473420,62.818484499495256,0.42087879230161584,91.49101287359542,0
2026-01-08 03:02:28.473420,79.73773873201034,0.40889790771866297,93.97431363068345,0
2026-01-08 03:12:28.473420,60.11044234247205,0.42618457138193366,104.13714687695234,0
2026-01-08 03:22:28.473420,74.58014336081975,0.4085081386743783,91.48089303468181,0
2026-01-08 03:32:28.473420,67.16931457088545,0.1463476238100519,107.26206851751186,0
2026-01-08 03:42:28.473420,72.46596253655116,0.23235920994105969,91.27116700572047,0
2026-01-08 03:52:28.473420,66.21964643431325,0.23007332881069884,104.59212356676127,0
2026-01-08 04:02:28.473420,72.75114942710427,0.4548850970305306,99.44429850323898,0
2026-01-08 04:12:28.473420,62.39188491876603,0.38529791488919807,105.21570097233794,0
2026-01-08 04:22:28.473420,71.22554395138992,0.40838687198182444,99.87591192728782,0
2026-01-08 04:32:28.473420,70.45465658763987,0.27101640734341986,90.5083825348819,0
2026-01-08 04:42:28.473420,62.15782853986609,0.11257167427469371,102.72820822527561,0
2026-01-08 04:52:28.473420,66.28711962152653,0.3034282764658811,108.15132947852186,0
2026-01-08 05:02:28.473420,64.9858445829775,0.2641531692142519,105.11102277086097,0
2026-01-08 05:12:28.473420,64.57596330983245,0.1307919639315172,95.79502905827536,0
2026-01-08 05:22:28.473420,63.22442574508009,0.47187906093702925,106.16240759128834,0
2026-01-08 05:32:28.473420,72.66807513020846,0.44858423607508713,106.07344153798229,0
2026-01-08 05:42:28.473420,63.73140117772072,0.45702359939599113,100.78684483831302,0
2026-01-08 05:52:28.473420,76.14880310328125,0.45843651996939727,96.36006949943727,0
2026-01-08 06:02:28.473420,62.201038490553536,0.1911740650167767,98.54215577252512,0
2026-01-08 06:12:28.473420,76.36029531844986,0.4442922333025374,90.13904261062382,0
2026-01-08 06:22:28.473420,70.21494605155132,0.2669644012595116,94.4421562094146,0
2026-01-08 06:32:28.473420,62.39730734667366,0.2350460685614512,108.85819407825039,0
2026-01-08 06:42:28.473420,66.4640586404151,0.30751624869734645,104.06037917790356,0
2026-01-08 06:52:28.473420,67.27259204758587,0.4887128330883843,109.24894589884222,0
2026-01-08 07:02:28.473420,65.03564591650728,0.2988994023569542,96.0175661963354,0
2026-01-08 07:12:28.473420,65.69680988754935,0.11475477894181313,102.19128667959794,0
2026-01-08 07:22:28.473420,70.05358046457724,0.12059150049999574,95.57292928473223,0
2026-01-08 07:32:28.473420,78.16531771933307,0.19582475626678897,92.89789744182445,0
2026-01-08 07:42:28.473420,69.78905520555126,0.49426018164424035,94.84110543023002,0
2026-01-08 07:52:28.473420,73.44271094811756,0.4046478461314871,94.752750879848,0
2026-01-08 08:02:28.473420,74.5643269722372,0.2471132530877013,102.64611661187159,0
2026-01-08 08:12:28.473420,72.67059421521789,0.31430987362990337,91.80579540108816,0
2026-01-08 08:22:28.473420,76.70604991178476,0.22831202598869435,93.73037020799708,0
2026-01-08 08:32:28.473420,60.81550283109528,0.33635717727529674,103.55128723684565,0
2026-01-08 08:42:28.473420,60.331756578557126,0.3048372233197124,94.52991550395876,0
2026-01-08 08:52:28.473420,72.903455808189,0.16974657160199658,103.81875476204932,0
2026-01-08 09:02:28.473420,67.73470692601074,0.4746919954946939,92.75041888291986,0
2026-01-08 09:12:28.473420,66.82132702100517,0.14538940849623563,108.49387236557126,0
2026-01-08 09:22:28.473420,77.54678706761962,0.20317665108606225,103.19968092068358,0
2026-01-08 09:32:28.473420,76.34444400402433,0.322080324639785,100.59301156712013,0
2026-01-08 09:42:28.473420,64.83704581800903,0.1372411071223597,107.94431515906653,0
2026-01-08 09:52:28.473420,78.00836114326661,0.35324058290930715,96.78059582097401,0
2026-01-08 10:02:28.473420,66.98419149225322,0.3903822715480958,107.94220519905154,0
2026-01-08 10:12:28.473420,77.74172848530235,0.41195021834304957,102.84063292308575,0
2026-01-08 10:22:28.473420,61.68279929990098,0.1646514856378455,107.97108377054158,0
2026-01-08 10:32:28.473420,72.12858119319179,0.10367882064665186,92.02943085732065,0
2026-01-08 10:42:28.473420,73.27003538216111,0.10202463353848748,93.21616102834997,0
2026-01-08 10:52:28.473420,70.97467578733172,0.37675807907707737,103.03922519005201,0
2026-01-08 11:02:28.473420,64.4853861892112,0.3848716885390143,94.744981749936,0
2026-01-08 11:12:28.473420,66.50799396318536,0.3985965620472097,102.9926579809443,0
2026-01-08 11:22:28.473420,76.98446820988356,0.3630451569201374,101.36617206670942,0
2026-01-08 11:32:28.473420,61.87349535656185,0.24708632122377341,95.3040473536345,0
2026-01-08 11:42:28.473420,64.87979286758167,0.48920422190097823,97.8619544933352,0
2026-01-08 11:52:28.473420,77.84093110354226,0.35245545039890513,105.89622607083297,0
2026-01-08 12:02:28.473420,70.05274186210384,0.3307615538505436,99.85035387637728,0
2026-01-08 12:12:28.473420,63.90485975596089,0.38898084610460215,95.61544724881712,0
2026-01-08 12:22:28.473420,60.48631932862908,0.35818891836286715,93.54221358814098,0
2026-01-08 12:32:28.473420,78.80917168705828,0.4815714308010349,108.29728780440897,0
2026-01-08 12:42:28.473420,67.4031740051089,0.10618264661154697,108.5663712517545,0
2026-01-08 12:52:28.473420,68.56368296634629,0.48666192761746785,109.27239954178506,0
2026-01-08 13:02:28.473420,77.0601891093472,0.2177795568278343,97.7019545720385,0
2026-01-08 13:12:28.473420,77.02273343033714,0.22676880206251107,93.38985493372185,0
2026-01-08 13:22:28.473420,71.136025249167,0.47446190966431245,103.92059593349946,0
2026-01-08 13:32:28.473420,71.40122340178729,0.13887059750830744,102.3001445339834,0
2026-01-08 13:42:28.473420,79.80107700208526,0.15603360609460962,100.36659304727473,0
2026-01-08 13:52:28.473420,77.54746143855911,0.39630744710168175,103.94031481990535,0
2026-01-08 14:02:28.473420,74.04968167974218,0.24379646048790207,95.87183688528987,0
2026-01-08 14:12:28.473420,76.18722310957027,0.4240453578716723,107.34144637160207,0
2026-01-08 14:22:28.473420,78.26481105112943,0.3045369595443751,100.03032589374399,0
2026-01-08 14:32:28.473420,75.9659035793355,0.35998557231110606,104.03933754515407,0
2026-01-08 14:42:28.473420,75.91585338872201,0.4560021367270265,96.75990313703072,0
2026-01-08 14:52:28.473420,67.51165905279888,0.1375927759363476,101.56560281992348,0
2026-01-08 15:02:28.473420,60.71884547593484,0.2862392072529841,100.85289269415154,0
2026-01-08 15:12:28.473420,65.73082504256568,0.3363333042276043,90.610004998781,0
2026-01-08 15:22:28.473420,60.74696377498429,0.42904022426386335,97.20381282822525,0
2026-01-08 15:32:28.473420,62.5412102530377,0.3088973040219217,105.39987106197222,0
2026-01-08 15:42:28.473420,64.31642054993686,0.34915619032760015,91.70694929987536,0
2026-01-08 15:52:28.473420,61.033634423372156,0.3125418526272592,100.81270243220213,0
2026-01-08 16:02:28.473420,72.74859802996413,0.3904365334890646,109.5170415892507,0
2026-01-08 16:12:28.473420,70.32600696602391,0.2291825891764984,105.90372389537407,0
2026-01-08 16:22:28.473420,65.41664502524148,0.2755885682822544,91.56912762684532,0
2026-01-08 16:32:28.473420,60.50701486830915,0.48505936587117005,106.71960241024412,0
2026-01-08 16:42:28.473420,73.91948412187396,0.263581177765708,93.46588640141691,0
2026-01-08 16:52:28.473420,63.12874085342172,0.20009715926583815,100.98453329412241,0
2026-01-08 17:02:28.473420,74.29191845400125,0.3640789506870925,95.59867793891885,0
2026-01-08 17:12:28.473420,79.09730561326388,0.3951587666783074,101.08708105022801,0
2026-01-08 17:22:28.473420,72.23441492468704,0.267840024971116,94.95461979002314,0
2026-01-08 17:32:28.473420,67.11945357302523,0.4031384441857476,90.28786977259512,0
2026-01-08 17:42:28.473420,62.321452810138325,0.11840105680870111,90.8145760463794,0
2026-01-08 17:52:28.473420,77.10921168022014,0.3814631437520095,99.4834765817465,0
2026-01-08 18:02:28.473420,61.95668321302003,0.29664635004673295,99.46943541561131,0
2026-01-08 18:12:28.473420,63.464037398200304,0.27354065969518926,97.97009468794747,0
2026-01-08 18:22:28.473420,72.31700196104433,0.3540374603470575,90.9060801954409,0
2026-01-08 18:32:28.473420,67.49225229252943,0.35034396628569453,100.06272517160176,0
2026-01-08 18:42:28.473420,77.12979682376644,0.363477452647578,93.2586885416286,0
2026-01-08 18:52:28.473420,61.4113749480086,0.35696771128252625,90.53022621083244,0
2026-01-08 19:02:28.473420,71.71551162546926,0.4760920965699831,101.50948355751758,0
2026-01-08 19:12:28.473420,67.76339852413044,0.3573152873769413,99.16505780983033,0
2026-01-08 19:22:28.473420,70.91233578631869,0.47658592351061013,97.72205275601549,0
2026-01-08 19:32:28.473420,79.22381127647829,0.46214025678242554,93.91582269578593,0
2026-01-08 19:42:28.473420,61.38722601750331,0.14031120055097068,90.364436513031,0
2026-01-08 19:52:28.473420,61.888859215118565,0.37320270936654276,91.42377296920458,0
2026-01-08 20:02:28.473420,66.37951260587522,0.4379501243877818,90.46543871471651,0
2026-01-08 20:12:28.473420,76.28936965177871,0.21274190990935998,92.36329655243313,0
2026-01-08 20:22:28.473420,73.93474330728301,0.3515771387119536,107.54944027054106,0
2026-01-08 20:32:28.473420,74.70142087607772,0.42139237215393943,95.64069145142614,0
2026-01-08 20:42:28.473420,63.548790875594456,0.40024590065634336,106.13669478534528,0
2026-01-08 20:52:28.473420,79.81010284001347,0.26504707076457057,97.44036171585566,0
2026-01-08 21:02:28.473420,75.52825921483993,0.23632141610120716,108.61514651207129,0
2026-01-08 21:12:28.473420,77.16825503686024,0.27159761095000734,105.01742135582995,0
2026-01-08 21:22:28.473420,75.09085748169365,0.14124954753437305,108.05105813359134,0
2026-01-08 21:32:28.473420,70.10504744895714,0.43058298644309667,96.40099202061224,0
2026-01-08 21:42:28.473420,77.91046456992402,0.25568067149366525,90.21675302960597,0
2026-01-08 21:52:28.473420,78.10763952838528,0.13651467071445345,96.38627275180829,0
2026-01-08 22:02:28.473420,79.0012393410161,0.4802428587750225,101.46875776246573,0
2026-01-08 22:12:28.473420,72.63674424339598,0.2793782087913279,95.86421543396129,0
2026-01-08 22:22:28.473420,66.57329090739832,0.36900738243081543,105.0474905887536,0
2026-01-08 22:32:28.473420,75.83158087451697,0.41584725711782156,91.8241220609738,0
2026-01-08 22:42:28.473420,69.88840609405163,0.12302350400665772,100.9905776464747,0
2026-01-08 22:52:28.473420,68.83061002746754,0.45508167310331993,97.01830025104158,0
2026-01-08 23:02:28.473420,62.341340328552114,0.15719667282113436,105.23021263434944,0
2026-01-08 23:12:28.473420,72.36436126632522,0.14044907044911611,91.68213612229995,0
2026-01-08 23:22:28.473420,74.0193826291824,0.12910520254567742,106.43720118580713,0
2026-01-08 23:32:28.473420,74.12484454312992,0.13253951225675992,91.69675428170383,0
2026-01-08 23:42:28.473420,79.73279157002351,0.24970831830244813,97.41284294133781,0
2026-01-08 23:52:28.473420,76.25599134515005,0.4788994309535435,109.72002127645742,0
2026-01-09 00:02:28.473420,75.06756370517883,0.2505038342123663,91.67001433397337,0
2026-01-09 00:12:28.473420,75.54293831854874,0.32336169989432206,98.48444018493953,0
2026-01-09 00:22:28.473420,78.12708770189472,0.14447899292246055,99.85250208581718,0
2026-01-09 00:32:28.473420,60.22707289534838,0.28746425679765053,91.12606551363675,0
2026-01-09 00:42:28.473420,62.37635832536144,0.14701049871084196,102.98420604232128,0
2026-01-09 00:52:28.473420,74.92089758530847,0.33334750603886387,109.24345096949084,0
2026-01-09 01:02:28.473420,67.49741159047409,0.2142848345127443,107.3719825637892,0
2026-01-09 01:12:28.473420,64.47191677038906,0.4852890157762445,90.24308949379633,0
2026-01-09 01:22:28.473420,79.39757653415278,0.11726396478023045,107.82286227396142,0
2026-01-09 01:32:28.473420,70.554022181726,0.4971859184477202,91.47593129470798,0
2026-01-09 01:42:28.473420,71.07708568802641,0.4877210142476396,100.46195688340298,0
2026-01-09 01:52:28.473420,72.58797276270525,0.3782994755938469,99.09082129535547,0
2026-01-09 02:02:28.473420,72.55116160168127,0.3337257247692401,108.02316020981978,0
2026-01-09 02:12:28.473420,60.90892760682916,0.21238527583689215,109.00822968153118,0
2026-01-09 02:22:28.473420,77.80527567781833,0.2822627011142852,102.40265195603074,0
2026-01-09 02:32:28.473420,65.54762365962266,0.17524846388950455,99.27396809879964,0
2026-01-09 02:42:28.473420,67.06704456052105,0.3334624447403488,91.5546927392997,0
2026-01-09 02:52:28.473420,79.48789615332333,0.4944842977918412,103.9632342803949,0
2026-01-09 03:02:28.473420,70.72192732688241,0.2238110465145311,106.27590039413897,0
2026-01-09 03:12:28.473420,73.69462345107759,0.1650467757379565,108.21854368987685,0
2026-01-09 03:22:28.473420,76.45074485846338,0.4799199653167696,104.5143901677672,0
2026-01-09 03:32:28.473420,72.2683039187158,0.26729721451624755,108.65456966708027,0
2026-01-09 03:42:28.473420,77.32127779000817,0.11808746804247577,90.52733948994504,0
2026-01-09 03:52:28.473420,67.529267337561,0.4242213323127332,109.74552258629889,0
2026-01-09 04:02:28.473420,63.008337822070565,0.3376522861408541,97.61781713262043,0
2026-01-09 04:12:28.473420,79.39828795629207,0.4368475692542835,106.76657409422276,0
2026-01-09 04:22:28.473420,69.3738631958994,0.26592780093506607,95.46814143861413,0
2026-01-09 04:32:28.473420,61.127509933018544,0.44588895050202126,106.25802018260156,0
2026-01-09 04:42:28.473420,79.99435346572261,0.49865473482956213,101.10863411205256,0
2026-01-09 04:52:28.473420,75.37974830361021,0.4779062919529712,106.99294781354823,0
2026-01-09 05:02:28.473420,64.94696203486396,0.28021765412403743,92.5831883030299,0
2026-01-09 05:12:28.473420,79.08102054517445,0.342469853780352,94.57285611006925,0
2026-01-09 05:22:28.473420,95.70516553210972,1.183037893979558,97.16325436065681,1
2026-01-09 05:32:28.473420,107.44978402444667,1.1848807760814986,100.40327002223987,1
2026-01-09 05:42:28.473420,93.89906399972054,0.9650527792200075,98.06965732424794,1
2026-01-09 05:52:28.473420,99.36202834365059,0.9163095583347708,104.08159536198447,1
2026-01-09 06:02:28.473420,88.13577421535228,0.9589724845345033,101.79835373709267,1
2026-01-09 06:12:28.473420,113.75623414469783,0.9375735779699552,100.27978978319622,1
2026-01-09 06:22:28.473420,95.38320362313823,1.4082392960794454,108.99041247315284,1
2026-01-09 06:32:28.473420,109.4429773673003,0.9496068023160182,99.18271512476522,1
2026-01-09 06:42:28.473420,88.09229876792344,0.9178002026820149,94.80291237556386,1
2026-01-09 06:52:28.473420,95.37841167521974,0.7517011196044902,92.77654345298821,1
2026-01-09 07:02:28.473420,100.2645004368978,1.0448752995632198,99.47923280525745,1
2026-01-09 07:12:28.473420,89.41758715681259,0.704852688644965,93.3787012614433,1
2026-01-09 07:22:28.473420,85.90072504325695,0.830389278964278,99.21557536065451,1
2026-01-09 07:32:28.473420,106.05655339527799,1.1901081261972002,90.78624279682198,1
2026-01-09 07:42:28.473420,82.85673983607471,1.0878702737163128,108.41744801063626,1
2026-01-09 07:52:28.473420,100.31101206259544,1.0845399275491543,93.69042038712755,1
2026-01-09 08:02:28.473420,98.94115402648339,1.2210373776789967,97.37827279139545,1
2026-01-09 08:12:28.473420,98.63780081155593,0.9568134987954413,104.26699171769104,1
2026-01-09 08:22:28.473420,101.29461503440677,0.7641040563532753,98.9482473364691,1
2026-01-09 08:32:28.473420,65.38486461898762,0.2509136652418491,90.40142395555452,0
2026-01-09 08:42:28.473420,66.44158331166356,0.18457920279861786,96.54994704355829,0
2026-01-09 08:52:28.473420,62.39524263638502,0.456210912295958,101.87184907108097,0
2026-01-09 09:02:28.473420,73.58204638288979,0.4156684954429354,99.96884397858115,0
2026-01-09 09:12:28.473420,61.738405761748474,0.3148426167274191,101.73682236041758,0
2026-01-09 09:22:28.473420,74.9087894836866,0.27266381849187177,92.55160605591128,0
2026-01-09 09:32:28.473420,65.67551811597448,0.24523291855945406,102.91834482663202,0
2026-01-09 09:42:28.473420,71.41556609337823,0.2424386903591385,109.7303049758596,0
2026-01-09 09:52:28.473420,72.11549638713774,0.1948907166943978,92.03564945240808,0
2026-01-09 10:02:28.473420,63.05718278368664,0.19838309135380328,93.21362746519111,0
2026-01-09 10:12:28.473420,63.731340481026116,0.21403806747753884,93.4674719058951,0
2026-01-09 10:22:28.473420,77.9353084925285,0.13209349826465688,100.49022779140509,0
2026-01-09 10:32:28.473420,68.20793653979322,0.4929514467634426,92.24077804336105,0
2026-01-09 10:42:28.473420,67.95711198091483,0.48778817331014757,107.3101425178796,0
2026-01-09 10:52:28.473420,76.3414414189856,0.20316113081797593,93.41775174780132,0
2026-01-09 11:02:28.473420,73.37286439848862,0.4717503956510344,101.1352578602786,0
2026-01-09 11:12:28.473420,71.432253789398,0.21199163746411367,105.38985866383874,0
2026-01-09 11:22:28.473420,63.74087497115047,0.22947169456169747,98.50872877232834,0
2026-01-09 11:32:28.473420,70.1522075736891,0.19696389296603212,92.29673649478407,0
2026-01-09 11:42:28.473420,72.21240084883266,0.2154522212961023,101.62476442845224,0
2026-01-09 11:52:28.473420,63.087254305484045,0.292456040741927,100.65178865103172,0
2026-01-09 12:02:28.473420,61.036470736448535,0.23464171127756825,92.68829353877949,0
2026-01-09 12:12:28.473420,61.267499409455354,0.4959840929559781,96.44707689949446,0
2026-01-09 12:22:28.473420,76.1974889170927,0.20185626190550554,103.63005444447859,0
2026-01-09 12:32:28.473420,75.20455719779373,0.3382554962431377,99.43152377100317,0
2026-01-09 12:42:28.473420,68.23681828294536,0.23954730661719814,108.59058288495652,0
2026-01-09 12:52:28.473420,76.61238815575459,0.48601076426660506,92.4859444697109,0
2026-01-09 13:02:28.473420,74.61734950407289,0.47533618272841516,93.6246613233132,0
2026-01-09 13:12:28.473420,61.329925347335546,0.3964482597160236,101.48946226359824,0
2026-01-09 13:22:28.473420,76.83657553516544,0.1559089506505158,105.9053462371978,0
2026-01-09 13:32:28.473420,64.03254640095489,0.1654623771462818,93.28531595861986,0
2026-01-09 13:42:28.473420,76.29149440462764,0.3660788882784801,100.46130849538238,0
2026-01-09 13:52:28.473420,67.17660968247004,0.45088021632524333,97.84890214845271,0
2026-01-09 14:02:28.473420,76.33198878943153,0.27565396342808735,97.53888858849815,0
2026-01-09 14:12:28.473420,69.25359571339213,0.22055114966565684,104.95218760352502,0
2026-01-09 14:22:28.473420,70.05440780184958,0.19288507805872693,107.99149146549136,0
2026-01-09 14:32:28.473420,67.67782442746423,0.31742114444559544,108.12944221929094,0
2026-01-09 14:42:28.473420,72.48475991827985,0.14675921628334565,108.7966424722695,0
2026-01-09 14:52:28.473420,72.55416106142836,0.23396224586283446,92.78544145326775,0
2026-01-09 15:02:28.473420,75.88050378540592,0.3480291023714054,100.66922183952643,0
2026-01-09 15:12:28.473420,77.87785166101915,0.41543888448981237,93.03349759465502,0
2026-01-09 15:22:28.473420,66.23444135591096,0.1993956559257863,104.87892585145354,0
2026-01-09 15:32:28.473420,60.67064869471559,0.32795587394852665,105.24917371481381,0
2026-01-09 15:42:28.473420,77.53531273523498,0.23683269948636299,106.42514609344026,0
2026-01-09 15:52:28.473420,62.212634739104146,0.4385809166938073,92.54977324663965,0
2026-01-09 16:02:28.473420,67.94574581120735,0.41891814631182145,92.99834854697548,0
2026-01-09 16:12:28.473420,64.58502790465283,0.38890102735722654,104.40073073092148,0
2026-01-09 16:22:28.473420,72.82295265770594,0.37757937778684003,100.85448886695193,0
2026-01-09 16:32:28.473420,65.03598117813905,0.23827839740156778,93.63195433602851,0
2026-01-09 16:42:28.473420,78.16901122667257,0.33335671790644816,98.0170283352728,0
2026-01-09 16:52:28.473420,69.24011607288266,0.4789133358447262,93.0670280623216,0
2026-01-09 17:02:28.473420,71.72459664033595,0.3023554715537864,102.22908470869295,0
2026-01-09 17:12:28.473420,60.36220367641681,0.4488495635776606,108.64236564967224,0
2026-01-09 17:22:28.473420,71.30266367178417,0.3786603295507569,108.44998762354592,0
2026-01-09 17:32:28.473420,74.14477268626797,0.16101561716570456,101.52576720333626,0
2026-01-09 17:42:28.473420,72.13430092765712,0.2696522685209544,104.72888471249446,0
2026-01-09 17:52:28.473420,78.6873402953803,0.47022740516271055,99.01678742808264,0
2026-01-09 18:02:28.473420,62.264760916815106,0.4939364795849338,106.77796172891868,0
2026-01-09 18:12:28.473420,62.49325362406534,0.468336753046949,107.39792724124257,0
2026-01-09 18:22:28.473420,70.37676114252145,0.3365101742979717,97.9800540774026,0
2026-01-09 18:32:28.473420,61.095232776440625,0.23407889665836037,106.05706897196023,0
2026-01-09 18:42:28.473420,60.092640460092056,0.23339966867645767,97.96337387181887,0
2026-01-09 18:52:28.473420,70.74791205875846,0.4679422465651042,96.92691988731923,0
2026-01-09 19:02:28.473420,66.93906403792455,0.39500049924389935,99.04435881779614,0
2026-01-09 19:12:28.473420,64.49209645879964,0.2809758064530774,92.817140407596,0
2026-01-09 19:22:28.473420,63.527739730124466,0.2993471090957919,98.37850899009096,0
2026-01-09 19:32:28.473420,78.296918021362,0.24495755964665325,101.61176700556086,0
2026-01-09 19:42:28.473420,72.6452857583906,0.10523778263533345,103.27074744033422,0
2026-01-09 19:52:28.473420,63.56071933739503,0.48442812698778204,92.97325455506225,0
2026-01-09 20:02:28.473420,68.29248247454048,0.13413986723145754,109.93748503691894,0
2026-01-09 20:12:28.473420,70.04390020662485,0.33815400692801756,91.34152954776854,0
2026-01-09 20:22:28.473420,74.99920940798356,0.18396223723823432,107.96108578881427,0
2026-01-09 20:32:28.473420,64.10279280964015,0.17627508826546665,90.7309933569619,0
2026-01-09 20:42:28.473420,69.44133890219999,0.3259364533050466,91.31417278856705,0
2026-01-09 20:52:28.473420,75.51055233390021,0.28131553389921105,100.4878053865516,0
2026-01-09 21:02:28.473420,68.81525493876457,0.26030522435013037,101.19280662616436,0
2026-01-09 21:12:28.473420,63.10480491861425,0.17277125219810846,107.23571242027035,0
2026-01-09 21:22:28.473420,78.92230924267265,0.24932372651190118,95.41489346287108,0
2026-01-09 21:32:28.473420,72.87999086478031,0.2634936684392386,90.5077271132069,0
2026-01-09 21:42:28.473420,63.12305194732381,0.38638889153895906,103.17847883820303,0
2026-01-09 21:52:28.473420,60.54191985006967,0.1887888647731798,94.62149593176143,0
2026-01-09 22:02:28.473420,73.43785487197457,0.10788421510174567,92.08217163969148,0
2026-01-09 22:12:28.473420,75.99832170746379,0.17141786482173343,103.0549221570375,0
2026-01-09 22:22:28.473420,64.76365562093453,0.13977655710373807,94.86344381998909,0
2026-01-09 22:32:28.473420,74.44533863711318,0.44227858724251434,106.60439729133984,0
2026-01-09 22:42:28.473420,67.9436705923691,0.36723405462825853,94.09968590831642,0
2026-01-09 22:52:28.473420,65.86295460522027,0.4585343274084479,90.26003847021472,0
2026-01-09 23:02:28.473420,61.71017061708936,0.18315450205841094,90.5306440774764,0
2026-01-09 23:12:28.473420,63.628708701795944,0.3332166243878769,98.42849101184996,0
2026-01-09 23:22:28.473420,77.8534342215395,0.42697742469537636,96.83634703395752,0
2026-01-09 23:32:28.473420,65.18846866862584,0.2518769632669068,101.80589885029616,0
2026-01-09 23:42:28.473420,65.36127281645753,0.34965956313965363,98.18823304382481,0
2026-01-09 23:52:28.473420,71.0409436170396,0.27445061165412665,95.88931519083835,0
2026-01-10 00:02:28.473420,78.96906613924313,0.4054423176639044,92.80226351532905,0
2026-01-10 00:12:28.473420,77.36935951795826,0.29497247929980547,107.89104453788183,0
2026-01-10 00:22:28.473420,75.99710511894631,0.27008540178769336,90.44938616640235,0
2026-01-10 00:32:28.473420,65.37354718769892,0.3166536858643468,102.66956439652294,0
2026-01-10 00:42:28.473420,65.15775370866405,0.15574242962912965,106.69860473598598,0
2026-01-10 00:52:28.473420,79.68804361407103,0.31027607292107434,93.43358571696606,0
2026-01-10 01:02:28.473420,65.44614653038738,0.1073562706189867,108.28597613120998,0
2026-01-10 01:12:28.473420,62.35502165780282,0.33060659020570143,95.48110441374412,0
2026-01-10 01:22:28.473420,71.08356005031587,0.3605681553407457,106.59483607414404,0
2026-01-10 01:32:28.473420,64.12842543521207,0.1043983314633922,92.73771260137615,0
2026-01-10 01:42:28.473420,78.0003728369621,0.4495560310250061,101.94826204340616,0
2026-01-10 01:52:28.473420,72.01033720867306,0.36601466981850217,93.50742557246899,0
2026-01-10 02:02:28.473420,78.28823891849919,0.2675082099568292,97.66277056498996,0
2026-01-10 02:12:28.473420,70.37835410565675,0.11878638671002202,93.32566737512158,0
2026-01-10 02:22:28.473420,74.7606723285274,0.1331194671700506,102.06304218932776,0
2026-01-10 02:32:28.473420,64.90698219362642,0.25571824561679063,95.773874735414,0
2026-01-10 02:42:28.473420,67.11345432929899,0.38761836207369826,95.9424343124635,0
2026-01-10 02:52:28.473420,71.32809280593794,0.29042016087963984,103.27342330725295,0
2026-01-10 03:02:28.473420,78.73659478649516,0.3930288388841001,94.29880757181513,0
2026-01-10 03:12:28.473420,60.62366270122569,0.20490561771993004,101.9015586140051,0
2026-01-10 03:22:28.473420,61.02851626968501,0.29854649888049456,101.93685697833779,0
2026-01-10 03:32:28.473420,66.68487781633922,0.40836488149832884,92.13196506267543,0
2026-01-10 03:42:28.473420,61.50275563471617,0.3912755024814414,99.90982632412397,0
2026-01-10 03:52:28.473420,73.76804792855472,0.2739309354414985,94.92804066478213,0
2026-01-10 04:02:28.473420,76.38204635348399,0.4197663515875917,103.89392941708854,0
2026-01-10 04:12:28.473420,65.44290274459925,0.3360922667476348,97.21947793880054,0
2026-01-10 04:22:28.473420,61.83164146653268,0.4669254301848972,92.73637261837922,0
2026-01-10 04:32:28.473420,79.00474707641605,0.2784023091831823,93.7026585767724,0
2026-01-10 04:42:28.473420,70.83801894756716,0.4491783343505633,104.64449772819123,0
2026-01-10 04:52:28.473420,76.131222957229,0.3635133466842869,103.84553129035704,0
2026-01-10 05:02:28.473420,76.98391303130639,0.19986720354367438,99.78849927286281,0
2026-01-10 05:12:28.473420,64.42418883639205,0.4950672031986588,108.88118679373227,0
2026-01-10 05:22:28.473420,60.788536227370116,0.38223006900627543,108.50496634831332,0
2026-01-10 05:32:28.473420,63.61150690254667,0.32717809222105176,108.30976595176084,0
2026-01-10 05:42:28.473420,60.67891957171598,0.37896810689873595,95.94698014745101,0
2026-01-10 05:52:28.473420,78.48792390753061,0.48842329806614715,108.88532978226868,0
2026-01-10 06:02:28.473420,69.48428433314928,0.44481706039572544,106.8909879707014,0
2026-01-10 06:12:28.473420,66.3820094648651,0.43156618966027094,90.74015269430986,0
2026-01-10 06:22:28.473420,71.92539756964106,0.19200353491508124,92.41133771554557,0
2026-01-10 06:32:28.473420,61.539064032584186,0.37851551035125597,96.79749927536132,0
2026-01-10 06:42:28.473420,74.49533543057522,0.12614253631957695,96.30580675661221,0
2026-01-10 06:52:28.473420,70.78982584750675,0.41628926593558546,96.37505005864139,0
2026-01-10 07:02:28.473420,72.51782752874018,0.45439109929447485,102.3172637636461,0
2026-01-10 07:12:28.473420,64.65918949507268,0.10976031262261521,107.4019774780186,0
2026-01-10 07:22:28.473420,60.42538821700774,0.44988066907367974,100.57874268054424,0
2026-01-10 07:32:28.473420,78.78135397025792,0.41951329430946616,109.95868221066675,0
2026-01-10 07:42:28.473420,67.0142363090342,0.4068753155724508,98.03861827218485,0
2026-01-10 07:52:28.473420,69.59751240607818,0.35100218528734806,107.47354228372677,0
2026-01-10 08:02:28.473420,79.6816693839859,0.4073093655458073,98.35533564334668,0
2026-01-10 08:12:28.473420,68.4271400455414,0.3950329206355566,94.77554291536605,0
2026-01-10 08:22:28.473420,62.209482262627894,0.24184886305631062,95.74477983308164,0
2026-01-10 08:32:28.473420,65.9261624091198,0.193443100419964,90.84186379272724,0
2026-01-10 08:42:28.473420,60.35747869466827,0.4950889558944126,98.55546267471725,0
2026-01-10 08:52:28.473420,67.68653294319364,0.37185891307722796,94.36507775730128,0
2026-01-10 09:02:28.473420,78.9992236790045,0.4145380057662208,91.78822004624519,0
2026-01-10 09:12:28.473420,68.35161551569857,0.4516473230248659,108.8946404458282,0
2026-01-10 09:22:28.473420,69.34803022499739,0.3453645556842831,93.3406789218415,0
2026-01-10 09:32:28.473420,79.82337252273953,0.19266868055337738,108.85463548270252,0
2026-01-10 09:42:28.473420,72.99293297984737,0.34309471795154367,100.25377022033017,0
2026-01-10 09:52:28.473420,64.61339623435518,0.17061121280220332,94.4097241814035,0
2026-01-10 10:02:28.473420,63.72876524288509,0.41183378942670135,97.0025051833346,0
2026-01-10 10:12:28.473420,61.15685353126793,0.4876410520563246,107.67571769926852,0
2026-01-10 10:22:28.473420,78.55504566390425,0.4979631290585741,93.47790498438975,0
2026-01-10 10:32:28.473420,67.92484037805318,0.4032953902816365,103.92041236107585,0
2026-01-10 10:42:28.473420,63.0779181267971,0.4263332499962471,94.48881143673322,0
2026-01-10 10:52:28.473420,64.47635229645246,0.31478976915736545,101.85879869683406,0
2026-01-10 11:02:28.473420,71.60172415675622,0.13659473495910196,107.5492172526076,0
2026-01-10 11:12:28.473420,65.31200085177412,0.15180596851312167,107.77496159737954,0
2026-01-10 11:22:28.473420,79.11302996459507,0.44485104690618027,106.19032149449757,0
2026-01-10 11:32:28.473420,73.10483961278044,0.3203429482436557,91.7397351982282,0
2026-01-10 11:42:28.473420,68.16906426141398,0.2490754068049256,95.19507567520652,0
2026-01-10 11:52:28.473420,74.4684022737717,0.29835029403150837,91.62092431815296,0
2026-01-10 12:02:28.473420,64.40366403899623,0.3733035054638384,91.522617189806,0
2026-01-10 12:12:28.473420,77.02413828097538,0.2980586108055897,99.61173154653297,0
2026-01-10 12:22:28.473420,71.84815569319035,0.42987238637005964,96.95618415804387,0
2026-01-10 12:32:28.473420,73.56032305118127,0.3262927855983164,95.34056540338842,0
2026-01-10 12:42:28.473420,77.57259972710315,0.41897040864277124,103.16903669316851,0
2026-01-10 12:52:28.473420,77.01163458188483,0.446917680383921,104.1672595343007,0
2026-01-10 13:02:28.473420,76.74026656727344,0.37898858466771346,103.60281543520601,0
2026-01-10 13:12:28.473420,72.37222756430369,0.40108665582305647,93.17210210586147,0
2026-01-10 13:22:28.473420,77.61741518397857,0.44873741109809284,90.58494566069118,0
2026-01-10 13:32:28.473420,76.51633501129525,0.1515479469893781,96.70237708518283,0
2026-01-10 13:42:28.473420,74.87016512583216,0.16430395841932327,106.35934048238124,0
2026-01-10 13:52:28.473420,76.64268355915485,0.3029870935043345,90.12771743433667,0
2026-01-10 14:02:28.473420,65.74076266349826,0.3467707673502969,109.62372356054847,0
2026-01-10 14:12:28.473420,72.63627054033337,0.20392143242566393,102.68011406199223,0
2026-01-10 14:22:28.473420,70.79970759431711,0.4119381580604574,92.13961277653917,0
2026-01-10 14:32:28.473420,75.22055805004057,0.3165066314704441,109.25984007717989,0
2026-01-10 14:42:28.473420,88.8876378805873,1.3216630008718049,108.64056211020035,1
2026-01-10 14:52:28.473420,107.9211562189219,0.6608101243764546,96.01927133893632,1
2026-01-10 15:02:28.473420,92.55824987977573,1.1741216258573708,102.41831035534955,1
2026-01-10 15:12:28.473420,102.07150418616058,1.366682740078788,104.9930366348585,1
2026-01-10 15:22:28.473420,90.26460213726935,0.9940531295154955,96.47220438299082,1
2026-01-10 15:32:28.473420,113.60839753528433,0.9914517336686858,95.47253332563332,1
2026-01-10 15:42:28.473420,102.9013850022233,0.7758343348710479,105.89619097499859,1
2026-01-10 15:52:28.473420,87.11281145228104,1.3476315019550904,103.09022428562271,1
2026-01-10 16:02:28.473420,91.41570417414044,1.0921968942490836,108.87231840335198,1
2026-01-10 16:12:28.473420,96.13856808555674,1.1567356827790352,109.67955295919657,1
2026-01-10 16:22:28.473420,97.63242862533943,0.8695050534719139,90.62268165769022,1
2026-01-10 16:32:28.473420,100.99767531085516,1.2235955466544282,109.36386855829443,1
2026-01-10 16:42:28.473420,110.7524168746948,1.2214788986733285,106.89566456233776,1
2026-01-10 16:52:28.473420,94.95790384406251,1.011279117284589,108.41695695631374,1
2026-01-10 17:02:28.473420,103.34175277483044,0.8620762230346891,92.50371584405102,1
2026-01-10 17:12:28.473420,95.64992257229471,0.9311345209141236,91.28417874150269,1
2026-01-10 17:22:28.473420,96.18359281090576,0.760368227466709,99.10440298163603,1
2026-01-10 17:32:28.473420,93.68312270231976,1.1394664769501208,102.00041096238607,1
2026-01-10 17:42:28.473420,106.81258688894067,0.9644054847664274,90.79237650696714,1
2026-01-10 17:52:28.473420,64.84090031725054,0.4946650373068586,92.84991085803027,0
2026-01-10 18:02:28.473420,69.97776306902712,0.34726229372724765,104.04929941088207,0
2026-01-10 18:12:28.473420,71.19297366973828,0.10390833896767347,96.52922616487984,0
2026-01-10 18:22:28.473420,70.35423286769424,0.13514659965793335,97.01253862418362,0
2026-01-10 18:32:28.473420,60.66406217582733,0.1314313988620083,97.93846552403193,0
2026-01-10 18:42:28.473420,62.65431508086121,0.32701633930462326,103.78929938274531,0
2026-01-10 18:52:28.473420,76.01173398218165,0.18006009769792405,93.3496516451814,0
2026-01-10 19:02:28.473420,62.091356806688005,0.35457209981745474,104.12951452973802,0
2026-01-10 19:12:28.473420,60.63172289651284,0.474484898497476,91.03942567302944,0
2026-01-10 19:22:28.473420,70.8259267060214,0.38362420778036654,107.41938247492172,0
2026-01-10 19:32:28.473420,74.28173864264855,0.4206912332279168,96.78900385085612,0
2026-01-10 19:42:28.473420,76.29650227493025,0.13204593855387006,107.89633312121055,0
2026-01-10 19:52:28.473420,70.95184752307472,0.42691910798499755,99.046365690366,0
2026-01-10 20:02:28.473420,72.8715539039305,0.3105610643744453,104.63179043510664,0
2026-01-10 20:12:28.473420,61.632599640611794,0.12414083359622552,94.94206468020293,0
2026-01-10 20:22:28.473420,63.19089360226377,0.44871342663688074,94.38427974716089,0
2026-01-10 20:32:28.473420,79.51730511638263,0.23475831670844274,93.64235831377398,0
2026-01-10 20:42:28.473420,75.79397014284959,0.3634831102003505,99.96391432906277,0
2026-01-10 20:52:28.473420,71.10727101875263,0.3876807113089056,94.56909482662597,0
2026-01-10 21:02:28.473420,79.92667832113483,0.48991726485871323,103.00651372693873,0
2026-01-10 21:12:28.473420,63.9908490185829,0.3720912969725165,91.44396817958352,0
2026-01-10 21:22:28.473420,60.61305004411612,0.20307315540448548,99.25245913478632,0
2026-01-10 21:32:28.473420,77.36545010816761,0.3908676279065232,104.85413042399962,0
2026-01-10 21:42:28.473420,68.50986668896151,0.23837399701878517,97.42077525969205,0
2026-01-10 21:52:28.473420,79.75299127472115,0.116043676564993,107.34062992244897,0
2026-01-10 22:02:28.473420,71.57350817144787,0.2754461676758362,104.50515320830273,0
2026-01-10 22:12:28.473420,69.73337882849405,0.4493692952326642,108.01403728022517,0
2026-01-10 22:22:28.473420,68.43441853746911,0.21073111889402063,101.84700657186724,0
2026-01-10 22:32:28.473420,78.24726691233383,0.18426487560226665,102.45933167126965,0
2026-01-10 22:42:28.473420,72.63120440185041,0.39324520896611237,92.6313537025452,0
2026-01-10 22:52:28.473420,74.31649929364177,0.4636130082662564,93.59366217740484,0
2026-01-10 23:02:28.473420,64.75086649847755,0.48855803761665584,93.6195390541898,0
2026-01-10 23:12:28.473420,77.08770186739159,0.2969111425792139,94.94462148806355,0
2026-01-10 23:22:28.473420,77.41499802545023,0.27812210200106624,100.29634707859381,0
2026-01-10 23:32:28.473420,67.18466738799532,0.33718034057397095,93.27047745170046,0
2026-01-10 23:42:28.473420,67.82163073303522,0.48776492893411505,95.16266865402255,0
2026-01-10 23:52:28.473420,73.13473329082585,0.23007602568987795,105.46946251373201,0
2026-01-11 00:02:28.473420,62.617473214366996,0.48792841803141795,99.07579082767279,0
2026-01-11 00:12:28.473420,64.72100926692929,0.12939869893200506,93.39515810175081,0
2026-01-11 00:22:28.473420,70.39547897112035,0.23480127057251454,106.57766731765219,0
2026-01-11 00:32:28.473420,68.61775047323611,0.19948570903505197,102.3428997320806,0
2026-01-11 00:42:28.473420,74.13554433770892,0.16681676316037997,93.35238432576635,0
2026-01-11 00:52:28.473420,60.73342853867086,0.3945608060262562,103.2760905524361,0
2026-01-11 01:02:28.473420,69.49261751499628,0.4376681795876789,106.11340305900106,0
2026-01-11 01:12:28.473420,71.70708728793504,0.44730851220530343,94.11682420073537,0
2026-01-11 01:22:28.473420,62.238392387954555,0.20789984460679586,91.14173712178629,0
2026-01-11 01:32:28.473420,70.62339056002064,0.47464227691798466,90.7868708133702,0
2026-01-11 01:42:28.473420,62.442198280200536,0.28087961131337413,108.67750035055809,0
2026-01-11 01:52:28.473420,66.32312209953501,0.302893923475357,90.83145718100783,0
2026-01-11 02:02:28.473420,62.966864019241775,0.4946520491835388,109.30237392872091,0
2026-01-11 02:12:28.473420,60.09879961868819,0.48072471416929563,102.78239875631,0
2026-01-11 02:22:28.473420,77.35836589040045,0.28189594225354364,100.311920571585,0
2026-01-11 02:32:28.473420,69.7769316051384,0.3667457030184418,92.79302509512625,0
2026-01-11 02:42:28.473420,60.59947179745356,0.22317197663647637,104.09361525473294,0
2026-01-11 02:52:28.473420,64.03706904245897,0.369372973329967,109.3982409221454,0
2026-01-11 03:02:28.473420,61.87801431578837,0.3690408472900505,98.87500438609142,0
2026-01-11 03:12:28.473420,77.36284508755011,0.17085991577895437,103.85251904452329,0
2026-01-11 03:22:28.473420,76.76230579296221,0.47784568778960934,103.66496056579291,0
2026-01-11 03:32:28.473420,69.94349528016855,0.34713889608048554,107.37809968957436,0
2026-01-11 03:42:28.473420,71.4121949327766,0.11215482387873475,108.61897391013956,0
2026-01-11 03:52:28.473420,73.79053502063122,0.3706053543108986,94.31350304795434,0
2026-01-11 04:02:28.473420,73.17770940465314,0.25754576226166337,103.02465954082984,0
2026-01-11 04:12:28.473420,62.13186060615981,0.3631381218412144,109.98827451541334,0
2026-01-11 04:22:28.473420,60.96424077721112,0.49086967368852696,98.13815921445742,0
2026-01-11 04:32:28.473420,77.41506900674518,0.41295419362330943,101.34032521973336,0
2026-01-11 04:42:28.473420,74.76898418502653,0.45140622452053913,98.08280643302066,0
2026-01-11 04:52:28.473420,66.54066323126477,0.36703735422543393,106.15691883882516,0
2026-01-11 05:02:28.473420,75.24570269553232,0.4191254595434538,98.71166629625866,0
2026-01-11 05:12:28.473420,76.35668432350043,0.1480836221482434,100.88978195921699,0
2026-01-11 05:22:28.473420,60.11517320996243,0.22983433196010813,97.32923069742796,0
2026-01-11 05:32:28.473420,67.9234538321851,0.3781868826759449,97.77116202540691,0
2026-01-11 05:42:28.473420,68.97387245245062,0.195017652349731,97.4650358325868,0
2026-01-11 05:52:28.473420,64.54539254526303,0.12927836950737748,102.06897186762755,0
2026-01-11 06:02:28.473420,73.36425597110032,0.3477961384038458,99.26988087601144,0
2026-01-11 06:12:28.473420,67.5957156035846,0.44533345982873007,100.38163570272437,0
2026-01-11 06:22:28.473420,69.58363755259462,0.11025682632257428,96.82495655252313,0
2026-01-11 06:32:28.473420,67.60391237571714,0.2595291123587602,101.60344738454664,0
2026-01-11 06:42:28.473420,70.67205093453757,0.34316203711737786,105.29766523084257,0
2026-01-11 06:52:28.473420,76.25971477432188,0.3872492304905978,109.1104739190987,0
2026-01-11 07:02:28.473420,60.36465165352723,0.17831119427341846,90.15125749956285,0
2026-01-11 07:12:28.473420,72.94949428309206,0.4592122195799948,94.86964593152598,0
2026-01-11 07:22:28.473420,78.54069089592613,0.12410695611582434,108.68872053611028,0
2026-01-11 07:32:28.473420,67.03245374479269,0.1405683313796866,99.71743518372651,0
2026-01-11 07:42:28.473420,65.13553135441016,0.21394916078476914,96.14579929852573,0
2026-01-11 07:52:28.473420,76.06051795665327,0.3156645106701018,96.22615398312007,0
2026-01-11 08:02:28.473420,72.20667566621836,0.3864602696892775,95.45248001467067,0
2026-01-11 08:12:28.473420,68.27098203050703,0.14875443733477903,93.6229869906936,0
2026-01-11 08:22:28.473420,73.62235707929966,0.1725753390782508,100.5032676733412,0
2026-01-11 08:32:28.473420,74.18092523444865,0.14275076923789753,101.34624439257807,0
2026-01-11 08:42:28.473420,65.13125567402727,0.48517075009503197,99.6709129343985,0
2026-01-11 08:52:28.473420,76.11985099550316,0.32009061686250473,90.86825065709638,0
2026-01-11 09:02:28.473420,72.66302751188044,0.4805613368826628,102.03223640292663,0
2026-01-11 09:12:28.473420,76.3837771885358,0.4536825853393631,94.56159543897866,0
2026-01-11 09:22:28.473420,64.24089679816453,0.3443923955403967,98.2205693961341,0
2026-01-11 09:32:28.473420,76.7972260573344,0.4600092493592045,97.06842758605436,0
2026-01-11 09:42:28.473420,64.73741117948964,0.4122102060975448,95.49612071096273,0
2026-01-11 09:52:28.473420,76.45228637027357,0.2694953014595052,103.35099798582941,0
2026-01-11 10:02:28.473420,61.91070627669336,0.3495437298706292,99.03535357474459,0
2026-01-11 10:12:28.473420,71.73216926350948,0.16720568309794537,104.73747489888365,0
2026-01-11 10:22:28.473420,77.25594155086458,0.18669592003631028,91.91429111040324,0
2026-01-11 10:32:28.473420,60.47277172092673,0.3567886001773064,102.14188072177562,0
2026-01-11 10:42:28.473420,70.9339482542814,0.19277883844639018,97.8181199181103,0
2026-01-11 10:52:28.473420,71.88952670372346,0.2987067435436678,109.75571040429774,0
2026-01-11 11:02:28.473420,62.72879505113466,0.37805782161903756,98.08637536208585,0
2026-01-11 11:12:28.473420,68.56399229851229,0.38703910626327054,103.84872302648739,0
2026-01-11 11:22:28.473420,79.82511987404376,0.1513577157816501,92.08219298768333,0
2026-01-11 11:32:28.473420,74.48677634257483,0.33135476680256365,95.48321333119611,0
2026-01-11 11:42:28.473420,61.58838737977973,0.13426329983857221,107.88381749328236,0
2026-01-11 11:52:28.473420,63.837346494374856,0.22934862484620833,94.53312804453977,0
2026-01-11 12:02:28.473420,67.09992611663874,0.12776953709843736,100.38119581816541,0
2026-01-11 12:12:28.473420,61.352251271844295,0.4201426031289447,94.67424163820866,0
2026-01-11 12:22:28.473420,70.80023829209021,0.4520316350245833,103.01754738094388,0
2026-01-11 12:32:28.473420,70.6591557310267,0.22973350124615025,96.66003826116396,0
2026-01-11 12:42:28.473420,73.3897391039638,0.49765574448846706,103.23678379698757,0
2026-01-11 12:52:28.473420,71.15566834740049,0.3922602040956985,99.30411224567436,0
2026-01-11 13:02:28.473420,61.2028468520157,0.3249187263511639,109.1525056901076,0
2026-01-11 13:12:28.473420,63.50605884715319,0.3760019563282663,94.01867377318113,0
2026-01-11 13:22:28.473420,70.71655368946162,0.13867057985868786,99.0074187251637,0
2026-01-11 13:32:28.473420,75.12326657790493,0.23902860969559284,103.29823448974436,0
2026-01-11 13:42:28.473420,75.90899921579458,0.4708711277917811,94.69284163710907,0
2026-01-11 13:52:28.473420,67.98631831618616,0.160966405332167,109.8496700431675,0
2026-01-11 14:02:28.473420,78.5400193584859,0.3159828521122239,106.84066588752842,0
2026-01-11 14:12:28.473420,70.41915954544085,0.3494342752011039,91.78248864232033,0
2026-01-11 14:22:28.473420,75.10540840993616,0.15108539345409394,106.52135260505057,0
2026-01-11 14:32:28.473420,75.64056175340772,0.3834978790971906,90.72320761049524,0
2026-01-11 14:42:28.473420,66.06256711890657,0.20524502796433716,97.20272814943038,0
2026-01-11 14:52:28.473420,61.75285493527677,0.47478312921242516,101.07604481424752,0
2026-01-11 15:02:28.473420,66.11048621316047,0.2587926068297134,98.94405081009671,0
2026-01-11 15:12:28.473420,72.01188666721235,0.30627177107859915,108.38783946428835,0
2026-01-11 15:22:28.473420,69.9392696581166,0.4968632059293251,107.02849915490191,0
2026-01-11 15:32:28.473420,64.17021028714672,0.47223808585756655,92.32732795770953,0
2026-01-11 15:42:28.473420,76.34899416982384,0.25224931739063206,107.55948640890139,0
2026-01-11 15:52:28.473420,77.361133802149,0.4223701600470485,105.80060872614123,0
2026-01-11 16:02:28.473420,66.09358278196082,0.1323677132205009,98.05960357530323,0
2026-01-11 16:12:28.473420,63.47049029973017,0.3779804355609847,96.92199453075571,0
2026-01-11 16:22:28.473420,79.5122040171983,0.3563888309381328,106.44961127268722,0
2026-01-11 16:32:28.473420,62.65049345483697,0.4448057929090491,108.45514381026788,0
2026-01-11 16:42:28.473420,69.74123837637872,0.342501175100391,105.2961960180599,0
2026-01-11 16:52:28.473420,63.49677254520825,0.301026430585377,97.97326055544626,0
2026-01-11 17:02:28.473420,62.92747984324498,0.24701376891661259,91.36344618770987,0
2026-01-11 17:12:28.473420,60.51623813898974,0.1540665156619291,109.26230223178348,0
2026-01-11 17:22:28.473420,70.99059071790035,0.486328864461288,98.64995756660264,0
2026-01-11 17:32:28.473420,66.23632266170519,0.30245674513609766,98.7902337726582,0
2026-01-11 17:42:28.473420,62.11329368523488,0.3563305258760825,94.32076365019199,0
2026-01-11 17:52:28.473420,72.3917590979566,0.3600804369592614,93.04049706257297,0
2026-01-11 18:02:28.473420,61.22699254221337,0.41230463442737597,99.1960084753864,0
2026-01-11 18:12:28.473420,61.16327591010952,0.49794652686790686,91.15561121992734,0
2026-01-11 18:22:28.473420,73.90070457717107,0.49347157010536546,94.78360208431852,0
2026-01-11 18:32:28.473420,62.844987373743926,0.14855397576897156,96.06550295135192,0
2026-01-11 18:42:28.473420,62.02091622021293,0.37686453667765274,91.24583596260125,0
2026-01-11 18:52:28.473420,70.18844256299579,0.49867874154119074,106.27940539012037,0
2026-01-11 19:02:28.473420,72.30438876462021,0.2225014483146447,102.47791672583277,0
2026-01-11 19:12:28.473420,70.54082927823303,0.2704333535561486,92.614207534804,0
2026-01-11 19:22:28.473420,77.73208430480933,0.279913859528529,93.8924502364153,0
2026-01-11 19:32:28.473420,67.35518701754579,0.2656519010115708,106.55075791133748,0
2026-01-11 19:42:28.473420,74.67228761122804,0.40772195745653594,90.22062528857295,0
2026-01-11 19:52:28.473420,68.32307996359523,0.29253766065412945,90.38384553646114,0
2026-01-11 20:02:28.473420,65.19626417490069,0.404115929248854,92.74219411457999,0
2026-01-11 20:12:28.473420,70.70620262905183,0.186080748806895,90.24241549287787,0
2026-01-11 20:22:28.473420,64.82402915199083,0.4903495019640215,106.0307422376598,0
2026-01-11 20:32:28.473420,79.19153288642067,0.295141617570545,92.19472397355007,0
2026-01-11 20:42:28.473420,70.95918977947386,0.28175093382398436,106.88714165479232,0
2026-01-11 20:52:28.473420,61.96165161568489,0.29529645480871125,93.00097329387968,0
2026-01-11 21:02:28.473420,66.4935185378012,0.39494283095511984,99.52036258737533,0
2026-01-11 21:12:28.473420,67.51776570291538,0.2577905114280141,99.18893536811973,0
2026-01-11 21:22:28.473420,75.70033087674113,0.4568338755760938,109.10669373007856,0
2026-01-11 21:32:28.473420,75.7380677251059,0.2261627582992051,103.76269412173085,0
2026-01-11 21:42:28.473420,68.75206248110784,0.20186824881842047,106.81743158851845,0
2026-01-11 21:52:28.473420,60.7685269792465,0.46070479685416943,99.22954929249468,0
2026-01-11 22:02:28.473420,72.74402953616561,0.3637415688823131,107.90235481413073,0
2026-01-11 22:12:28.473420,72.73339364334414,0.34557343390402473,91.3330408112138,0
2026-01-11 22:22:28.473420,70.36816043890408,0.16006760032681666,104.74867537442971,0
2026-01-11 22:32:28.473420,70.24443841625349,0.3720911116833413,90.83345801204769,0
2026-01-11 22:42:28.473420,61.69584032091606,0.3865293552250729,91.44168671997346,0
2026-01-11 22:52:28.473420,61.42513455530517,0.10484339009395499,109.1300279659896,0
2026-01-11 23:02:28.473420,74.75016718918013,0.24130056340082567,95.9307116257531,0
2026-01-11 23:12:28.473420,66.99406459491699,0.40986141247247276,103.22741222140829,0
2026-01-11 23:22:28.473420,63.703911357349355,0.16964373413363376,91.96791299426795,0
2026-01-11 23:32:28.473420,73.20605439402676,0.40574906488869444,95.30092856650008,0
2026-01-11 23:42:28.473420,60.41889922061826,0.13286866699057095,109.3572006969006,0
2026-01-11 23:52:28.473420,65.9088955495484,0.40768925913525345,102.49327137708528,0
2026-01-12 00:02:28.473420,99.93905215383525,1.0695917951971161,92.42772836318812,1
2026-01-12 00:12:28.473420,112.24786062271028,1.2114779491269507,90.83902446863273,1
2026-01-12 00:22:28.473420,97.50489389816421,1.3660247214583063,102.03763179272644,1
2026-01-12 00:32:28.473420,103.00074588169272,1.326633263095626,92.561914927324,1
2026-01-12 00:42:28.473420,93.28041203076609,1.055336600782268,98.64153765888392,1
2026-01-12 00:52:28.473420,102.8109265520929,1.1397395348376367,92.43002752601836,1
2026-01-12 01:02:28.473420,110.14361618037285,1.137619885040803,106.31893877937235,1
2026-01-12 01:12:28.473420,107.58932061827389,1.1218956845143755,105.10083857492556,1
2026-01-12 01:22:28.473420,98.1183889326264,1.1830924380483592,103.12323675362143,1
2026-01-12 01:32:28.473420,102.9896911050789,1.0408196133261285,90.86347471594023,1
2026-01-12 01:42:28.473420,104.6366520587425,1.347465645948378,94.27022732621344,1
2026-01-12 01:52:28.473420,104.82324183365061,0.9656691078561496,101.80695380917545,1
2026-01-12 02:02:28.473420,104.02626693676528,1.2561148893416152,107.46645831721615,1
2026-01-12 02:12:28.473420,88.13500998952392,1.1478538473244184,90.18663239654187,1
2026-01-12 02:22:28.473420,115.83761840097046,0.7416890571493359,98.02988631722576,1
2026-01-12 02:32:28.473420,94.86219367835406,1.0709208027547397,102.31970900520358,1
2026-01-12 02:42:28.473420,110.89565089026982,0.8393462831229261,90.10459227085825,1
2026-01-12 02:52:28.473420,102.27349068066633,0.8444580322351345,109.1614696023876,1
2026-01-12 03:02:28.473420,102.90444775919383,0.9063964514495101,107.53301523656401,1
2026-01-12 03:12:28.473420,68.97221261909085,0.3888283752810948,107.72391560930149,0
2026-01-12 03:22:28.473420,71.86088668373569,0.2566102792711318,98.25243681697248,0
2026-01-12 03:32:28.473420,73.91236292993614,0.10128730544171148,102.39178674919681,0
2026-01-12 03:42:28.473420,67.10986020882714,0.41767893251083377,91.85981279646265,0
2026-01-12 03:52:28.473420,71.7640453389678,0.2923891559544495,102.84651051810455,0
2026-01-12 04:02:28.473420,61.297071889659364,0.3319935149712525,101.22969175919047,0
2026-01-12 04:12:28.473420,71.21320188832343,0.34139506663858193,103.52935874452724,0
2026-01-12 04:22:28.473420,76.0997799936154,0.20792828805128574,106.50098820360124,0
2026-01-12 04:32:28.473420,69.96511364526907,0.13082331165373248,91.17101858487959,0
2026-01-12 04:42:28.473420,66.68476637392122,0.4139587908445871,104.15361869481832,0
2026-01-12 04:52:28.473420,75.77229929344813,0.3069076225766437,98.80397995910981,0
2026-01-12 05:02:28.473420,62.94905053412568,0.23127710144372463,98.6803873234775,0
2026-01-12 05:12:28.473420,61.772008593592346,0.1882447810844845,101.96450588127477,0
2026-01-12 05:22:28.473420,74.7132622847838,0.49933900455717983,108.66226662687116,0
2026-01-12 05:32:28.473420,72.85130399070383,0.2684992213176288,102.72354729416466,0
2026-01-12 05:42:28.473420,75.71303236160463,0.14733447636935493,98.19809779392577,0
2026-01-12 05:52:28.473420,76.79604571271234,0.2535331807732176,101.43744542454372,0
2026-01-12 06:02:28.473420,71.75538721724396,0.17379050125345574,97.24470883304576,0
2026-01-12 06:12:28.473420,66.69022577483864,0.11047868341282592,90.48383527782711,0
2026-01-12 06:22:28.473420,76.63394087351547,0.20922832398912497,100.36157532477631,0
2026-01-12 06:32:28.473420,65.97451147177546,0.4762716980461362,95.18593517731547,0
2026-01-12 06:42:28.473420,68.5931362547787,0.4490921001938407,106.83867133583618,0
2026-01-12 06:52:28.473420,63.72202835692555,0.4210573239182842,99.16373773475786,0
2026-01-12 07:02:28.473420,69.65937744170711,0.1533919889663775,91.61203027514249,0
2026-01-12 07:12:28.473420,74.5587861394753,0.2985844609421199,98.73701405230359,0
2026-01-12 07:22:28.473420,74.59016457304793,0.4062051595964439,93.17816335338708,0
2026-01-12 07:32:28.473420,72.20450298955282,0.15414163291107422,105.02750172058091,0
2026-01-12 07:42:28.473420,73.13910312534279,0.4826458484333832,91.37916032712842,0
2026-01-12 07:52:28.473420,61.14109442302509,0.21287482987728007,95.23411367471812,0
2026-01-12 08:02:28.473420,64.93957598144,0.4625018322084147,94.99092399699012,0
2026-01-12 08:12:28.473420,65.43899452257261,0.4037593049671855,98.9947968490108,0
2026-01-12 08:22:28.473420,75.53421113910362,0.1261464630257541,99.75142387346769,0
2026-01-12 08:32:28.473420,60.672272003665654,0.12506128138214181,108.12874906688822,0
2026-01-12 08:42:28.473420,62.78490742235191,0.3129682729100869,98.22191205201413,0
2026-01-12 08:52:28.473420,66.94686652517686,0.459933338274909,90.4364679355098,0
2026-01-12 09:02:28.473420,73.27579372351178,0.4853577736854202,101.20336366923684,0
2026-01-12 09:12:28.473420,78.73644924066184,0.12090315171440952,98.37586638148323,0
2026-01-12 09:22:28.473420,65.20315581924102,0.3923283859922919,109.62594180994493,0
2026-01-12 09:32:28.473420,65.13060124888496,0.3616698405896298,93.9619526551948,0
2026-01-12 09:42:28.473420,71.3066050914322,0.2855729946753345,109.44010659263074,0
2026-01-12 09:52:28.473420,72.17054545392934,0.2398025488347275,92.28191569775866,0
2026-01-12 10:02:28.473420,63.02493657469869,0.19012677198049405,95.01933322680595,0
2026-01-12 10:12:28.473420,77.01232115682276,0.32448911531300995,100.46781822748733,0
2026-01-12 10:22:28.473420,62.295377437384346,0.44405587733977403,104.45628606416967,0
2026-01-12 10:32:28.473420,61.35336723800003,0.38313403889190745,100.87076434685292,0
2026-01-12 10:42:28.473420,61.634506914935564,0.2833202566114626,99.69392574260094,0
2026-01-12 10:52:28.473420,63.31549080326552,0.4782792588001129,106.99950742961323,0
2026-01-12 11:02:28.473420,73.38044674658217,0.2849182244002429,98.23531083169017,0
2026-01-12 11:12:28.473420,73.01946934301908,0.31817274776276216,91.24546211763771,0
2026-01-12 11:22:28.473420,70.25005297540663,0.4225614468931358,99.18479755193916,0
2026-01-12 11:32:28.473420,61.03913155108537,0.41451127975361324,94.02727564271949,0
2026-01-12 11:42:28.473420,65.17241669776078,0.16588254137291836,96.60430129742996,0
2026-01-12 11:52:28.473420,75.1350301137727,0.30775434380157496,94.09762548301426,0
2026-01-12 12:02:28.473420,77.55660156304081,0.45183274198061174,107.41156850092014,0
2026-01-12 12:12:28.473420,64.77592422763078,0.2804957376723952,109.69979312281751,0
2026-01-12 12:22:28.473420,75.4402495261998,0.11086696849022393,91.30409182520984,0
2026-01-12 12:32:28.473420,69.27862753624666,0.4636880823446241,100.77403595905429,0
2026-01-12 12:42:28.473420,69.95625016068581,0.14218947998265224,103.13560209448588,0
2026-01-12 12:52:28.473420,76.44206321200451,0.25216800300302494,105.51223701850655,0
2026-01-12 13:02:28.473420,79.28953307801623,0.18150658365107564,100.46659262389483,0
2026-01-12 13:12:28.473420,65.74275916169151,0.4171417676135357,101.55186731762315,0
2026-01-12 13:22:28.473420,72.69164835100608,0.4191656638463577,97.9194094532491,0
2026-01-12 13:32:28.473420,78.30180136814087,0.313211546898456,93.15909645670696,0
2026-01-12 13:42:28.473420,73.91798236337605,0.41730454017530183,96.33523354135053,0
2026-01-12 13:52:28.473420,77.14358513997506,0.46245730190630663,95.53808974755617,0
2026-01-12 14:02:28.473420,79.67042945430444,0.15628461121950338,94.0403133680498,0
2026-01-12 14:12:28.473420,63.684496784760526,0.4575958840031482,103.08585104649924,0
2026-01-12 14:22:28.473420,63.04208566444546,0.2761293673473396,102.30596050139604,0
2026-01-12 14:32:28.473420,61.66928169978767,0.4529665473629355,106.07207070883071,0
2026-01-12 14:42:28.473420,70.10413547153277,0.48685064610366824,98.355219585502,0
2026-01-12 14:52:28.473420,79.68220638072995,0.36716799952145085,102.69342546507883,0
2026-01-12 15:02:28.473420,63.3190979059157,0.45277110332185766,98.5497937584123,0
2026-01-12 15:12:28.473420,63.24466811564959,0.10504300799030362,101.19511367276765,0
2026-01-12 15:22:28.473420,70.54799244245353,0.3877414489476635,107.80516106035604,0
2026-01-12 15:32:28.473420,61.58813169286059,0.392598596136145,93.74823888195165,0
2026-01-12 15:42:28.473420,77.16354106314327,0.42762540554466244,100.8158750997109,0
2026-01-12 15:52:28.473420,74.20485597246623,0.22574004527349936,99.4233579786563,0
2026-01-12 16:02:28.473420,76.43273795420943,0.28370607886928556,97.15596530650883,0
2026-01-12 16:12:28.473420,69.884248945006,0.43129970097488735,96.70416094741745,0
2026-01-12 16:22:28.473420,63.47523186271488,0.38480560813231235,106.51956425416164,0
2026-01-12 16:32:28.473420,62.01274957047067,0.1959496451023779,92.83943979521987,0
2026-01-12 16:42:28.473420,66.95882823164334,0.2801403915621651,104.97652673926613,0
2026-01-12 16:52:28.473420,73.02295169763349,0.34837142699137247,97.0474989321931,0
2026-01-12 17:02:28.473420,76.8289510616952,0.28851486695926587,109.5820987603031,0
2026-01-12 17:12:28.473420,72.68284276591474,0.1505058966258011,103.52355124150868,0
2026-01-12 17:22:28.473420,66.50208030863398,0.374530878674439,91.39282296324811,0
2026-01-12 17:32:28.473420,63.497628743519186,0.4422949035623146,94.5435911404703,0
2026-01-12 17:42:28.473420,76.7408225048588,0.21171043538176418,102.85763820117415,0
2026-01-12 17:52:28.473420,73.88301147019662,0.3050619012580212,96.10621353393462,0
2026-01-12 18:02:28.473420,64.25288752742192,0.1132757418249705,96.07892802481447,0
2026-01-12 18:12:28.473420,73.06325581062566,0.47532192737939305,107.42408964526103,0
2026-01-12 18:22:28.473420,75.32129553070605,0.4153789373013195,103.2996980695199,0
2026-01-12 18:32:28.473420,65.20573715132006,0.46287801228233194,103.41464623811669,0
2026-01-12 18:42:28.473420,71.2088126196088,0.14439578768539243,98.9411108761285,0
2026-01-12 18:52:28.473420,69.20716542403852,0.44582544380906797,100.93296440375576,0
2026-01-12 19:02:28.473420,67.60801097940819,0.49072013140426374,92.21441186652632,0
2026-01-12 19:12:28.473420,68.45096856623888,0.11680987006856212,104.79808241533861,0
2026-01-12 19:22:28.473420,78.361531043983,0.2120149318201958,107.16683353598242,0
2026-01-12 19:32:28.473420,65.84436460923796,0.46430806465756613,105.07923807193568,0
2026-01-12 19:42:28.473420,76.09813553682878,0.1072026222401818,109.25620714148052,0
2026-01-12 19:52:28.473420,74.53341984140647,0.22190043815445334,106.58789329717695,0
2026-01-12 20:02:28.473420,65.6304239682986,0.4491015358264512,92.25160780823875,0
2026-01-12 20:12:28.473420,74.07371954921592,0.3162793906579642,91.93068940390881,0
2026-01-12 20:22:28.473420,64.83787656517678,0.10496161451092592,99.37535930929012,0
2026-01-12 20:32:28.473420,66.0253052152,0.33934299371910354,95.94475615417234,0
2026-01-12 20:42:28.473420,65.9983822301397,0.39727727949264136,90.96285671956707,0
2026-01-12 20:52:28.473420,78.05789990383974,0.44090554975647256,103.35609366452813,0
2026-01-12 21:02:28.473420,71.86443140214769,0.45692099925586094,93.70660359057429,0
2026-01-12 21:12:28.473420,61.57938324381657,0.19580406796381525,105.8915655740038,0
2026-01-12 21:22:28.473420,60.693405334529665,0.3331227340333959,109.9087503238262,0
2026-01-12 21:32:28.473420,77.1139218767508,0.3085782756174358,91.27281818573285,0
2026-01-12 21:42:28.473420,76.6274702877142,0.3395914032708842,92.29865994119133,0
2026-01-12 21:52:28.473420,61.877145696467124,0.463850727774637,103.38400525876156,0
2026-01-12 22:02:28.473420,76.58573598633511,0.4515915601129069,101.43544704096644,0
2026-01-12 22:12:28.473420,70.34892703510083,0.2721709641283961,96.33893175582239,0
2026-01-12 22:22:28.473420,68.69191921717423,0.40955186229206253,102.03846862030264,0
2026-01-12 22:32:28.473420,77.85046579909692,0.27735200575167507,102.14179157437508,0
2026-01-12 22:42:28.473420,72.62615106183978,0.3366788649225302,104.05267546171032,0
2026-01-12 22:52:28.473420,64.74866936749612,0.30494551101831624,92.08449605616696,0
2026-01-12 23:02:28.473420,67.69022655289625,0.29506682744850576,103.04448519090946,0
2026-01-12 23:12:28.473420,79.01062105172407,0.34026042661934236,104.87187832353119,0
2026-01-12 23:22:28.473420,70.12532118990406,0.3536416125505325,91.41864432267546,0
2026-01-12 23:32:28.473420,65.08783161683694,0.2447412372820555,99.44986710013028,0
2026-01-12 23:42:28.473420,60.91297491004767,0.15600963902132708,95.53628615582612,0
2026-01-12 23:52:28.473420,79.43065381802101,0.2325388028412203,99.64082116224165,0
2026-01-13 00:02:28.473420,63.92195425476786,0.3443120284303073,95.61366431031948,0
2026-01-13 00:12:28.473420,64.13985156876853,0.30662905137839164,90.11011598320842,0
2026-01-13 00:22:28.473420,60.153280652984506,0.18762752364074312,90.73442725001642,0
2026-01-13 00:32:28.473420,62.16051508261383,0.23554425973550064,106.05171359159625,0
2026-01-13 00:42:28.473420,71.44097286738602,0.3050670903825666,95.86977646416243,0
2026-01-13 00:52:28.473420,78.63507438865634,0.25880601649487667,91.74185533591543,0
2026-01-13 01:02:28.473420,72.34133032235603,0.14553535739064058,96.90446285603385,0
2026-01-13 01:12:28.473420,70.14823877435617,0.44968900987407034,99.87093160680237,0
2026-01-13 01:22:28.473420,74.04517532063329,0.49712673559962817,92.62978239795963,0
2026-01-13 01:32:28.473420,65.4946305103904,0.2578304302390586,98.43656357077663,0
2026-01-13 01:42:28.473420,68.22042150531091,0.463044401022622,104.28065288933713,0
2026-01-13 01:52:28.473420,72.15810428181408,0.22374908714511285,106.47580768442589,0
2026-01-13 02:02:28.473420,79.10121022969977,0.4284793130200907,90.03130210382946,0
2026-01-13 02:12:28.473420,72.72802740366814,0.12045415257684029,95.15214440667444,0
2026-01-13 02:22:28.473420,61.19049400695543,0.3415181811797551,103.73179826985213,0
2026-01-13 02:32:28.473420,62.289752761318105,0.2535355532179918,99.12473017911084,0
2026-01-13 02:42:28.473420,67.38106043521833,0.14841000019407724,98.3789558037495,0
2026-01-13 02:52:28.473420,75.02356095616837,0.1284030658133022,91.60360028163807,0
2026-01-13 03:02:28.473420,67.09542583671968,0.47669028464757,103.37145293445828,0
2026-01-13 03:12:28.473420,73.57339913345129,0.244767996335146,101.87321582417077,0
2026-01-13 03:22:28.473420,60.202623680554865,0.35443841856381686,108.26573895152474,0
2026-01-13 03:32:28.473420,72.25146936689639,0.44947943738653806,104.47946110932187,0
2026-01-13 03:42:28.473420,62.411168328073806,0.4609813229143367,91.3288768871155,0
2026-01-13 03:52:28.473420,70.67934945095527,0.15685484951738307,90.23413221461809,0
2026-01-13 04:02:28.473420,68.44068520255279,0.2180162830616625,99.72000987595206,0
2026-01-13 04:12:28.473420,71.54399773469102,0.11749562892357895,92.46006590247491,0
2026-01-13 04:22:28.473420,71.17284792900851,0.2372669412690633,104.58346975098897,0
2026-01-13 04:32:28.473420,73.04583297183879,0.4382417451959627,103.84985653338451,0
2026-01-13 04:42:28.473420,68.59862154780296,0.369186648957773,95.50762348510837,0
2026-01-13 04:52:28.473420,66.12626997556426,0.41559406396831733,98.92839032803164,0
2026-01-13 05:02:28.473420,75.96760681036704,0.42896894946731134,107.15124675322568,0
2026-01-13 05:12:28.473420,78.33270471682414,0.2723940882053185,96.37733636642278,0
2026-01-13 05:22:28.473420,71.64397493188227,0.24846896937505103,102.02148333600466,0
2026-01-13 05:32:28.473420,74.11171725287649,0.37536200739685477,97.49105774040243,0
2026-01-13 05:42:28.473420,63.337204033975055,0.272211735384883,92.85188288163818,0
2026-01-13 05:52:28.473420,77.80194070367617,0.23835098429514298,93.08919494446647,0
2026-01-13 06:02:28.473420,60.50895519811502,0.3583289545145937,102.73804634909487,0
2026-01-13 06:12:28.473420,66.81208333162583,0.12868475553906042,98.19257789790464,0
2026-01-13 06:22:28.473420,66.22434990126787,0.3708482558940037,102.11558498905381,0
2026-01-13 06:32:28.473420,67.2918745639508,0.18715702170199605,109.76071932311183,0
2026-01-13 06:42:28.473420,69.08003242392229,0.3753096943120948,92.81105935156721,0
2026-01-13 06:52:28.473420,69.71179399318795,0.1110146879477862,100.109102358209,0
2026-01-13 07:02:28.473420,79.28034814235404,0.25368268519432013,90.77992025149823,0
2026-01-13 07:12:28.473420,60.619115818386874,0.25519470397874777,93.20049872926388,0
2026-01-13 07:22:28.473420,60.46704192656372,0.4024854455800707,99.1704601776378,0
2026-01-13 07:32:28.473420,65.7848954394531,0.46003327320659226,92.32277920401052,0
2026-01-13 07:42:28.473420,79.11837657910638,0.22558668695094114,107.76807344617362,0
2026-01-13 07:52:28.473420,72.05885752958923,0.430682943896595,109.68026326420929,0
2026-01-13 08:02:28.473420,65.76810875637491,0.48445419416303726,97.78963789804841,0
2026-01-13 08:12:28.473420,67.71023809473844,0.2361548417018023,100.82815214695171,0
2026-01-13 08:22:28.473420,63.08290086356974,0.3214845941432045,100.83409624820008,0
2026-01-13 08:32:28.473420,75.2380362520974,0.4334599847750342,98.80882700624848,0
2026-01-13 08:42:28.473420,66.04666498702987,0.2037339589268378,93.89247673409744,0
2026-01-13 08:52:28.473420,61.1529516439805,0.23697919153388536,95.40495384261567,0
2026-01-13 09:02:28.473420,79.32834771732814,0.3230835305000176,96.94554078061014,0
2026-01-13 09:12:28.473420,71.60935201987392,0.1556786805382782,98.88087498404406,0
2026-01-13 09:22:28.473420,112.40165420641524,1.235716513791444,98.03557601308648,1
2026-01-13 09:32:28.473420,96.49436131963748,1.0253198161050725,102.41320959649168,1
2026-01-13 09:42:28.473420,85.34418537988218,1.2722328385774875,100.86049167915326,1
2026-01-13 09:52:28.473420,115.58847541169854,0.9541834660940939,100.66773257530726,1
2026-01-13 10:02:28.473420,101.32554725052485,1.088473616095834,105.88421325098811,1
2026-01-13 10:12:28.473420,118.50058943976165,0.9012221057486196,99.25351210130788,1
2026-01-13 10:22:28.473420,102.98662156080832,0.9371041543955716,97.50659815839204,1
2026-01-13 10:32:28.473420,105.08247342757758,1.0432557173457768,100.22550924401503,1
2026-01-13 10:42:28.473420,113.86192135461711,1.3745596347607307,98.15168417147633,1
2026-01-13 10:52:28.473420,93.65586323530388,1.4093998409224844,94.00949031056805,1
2026-01-13 11:02:28.473420,90.0321482050564,1.3805199231758545,107.8618041039083,1
2026-01-13 11:12:28.473420,107.49403324199018,0.8137310428165748,102.5318502218642,1
2026-01-13 11:22:28.473420,103.3875179970985,0.9423063816762852,104.45413915396458,1
2026-01-13 11:32:28.473420,91.5631092157247,0.848838692100407,106.0887441535901,1
2026-01-13 11:42:28.473420,112.68538635790983,1.017779963769946,109.95641711363956,1
2026-01-13 11:52:28.473420,102.57527986693738,0.9759641770435836,104.7573903712306,1
2026-01-13 12:02:28.473420,96.02781605941787,1.2844291353005808,105.37845564215282,1
2026-01-13 12:12:28.473420,106.67098498689886,0.884266313030786,91.77209427939358,1
2026-01-13 12:22:28.473420,95.1272713000382,0.8183416450459085,91.32019688280484,1
2026-01-13 12:32:28.473420,76.16470420018445,0.4790752103857884,91.44632950515877,0
2026-01-13 12:42:28.473420,79.10230414583403,0.3090306397346981,95.99131355907748,0
2026-01-13 12:52:28.473420,61.53724150552327,0.30024970722816713,105.89031088981497,0
2026-01-13 13:02:28.473420,74.14172954533396,0.1200904045855895,91.45803670735808,0
2026-01-13 13:12:28.473420,68.05746565265274,0.21811619761917733,94.64768646112095,0
2026-01-13 13:22:28.473420,65.62008997817428,0.42139309731875385,108.58456107263709,0
2026-01-13 13:32:28.473420,68.10205389055133,0.46244440085299887,96.42991402495764,0
2026-01-13 13:42:28.473420,69.52873972687583,0.1904115991263999,102.80952084351688,0
2026-01-13 13:52:28.473420,79.57962230349618,0.3413972384173515,97.15628168227097,0
2026-01-13 14:02:28.473420,72.95634891981057,0.14916827138615504,107.77318160530797,0
2026-01-13 14:12:28.473420,70.06167901559672,0.27973989681585687,101.71729576907039,0
2026-01-13 14:22:28.473420,72.49567725578805,0.1287103224906052,103.65234442446805,0
2026-01-13 14:32:28.473420,64.8386336063106,0.3855810530026359,106.45069588768393,0
2026-01-13 14:42:28.473420,76.0791701510504,0.3210003869631557,100.40339784621503,0
2026-01-13 14:52:28.473420,62.857519226788234,0.4101384601612542,95.42818760893428,0
2026-01-13 15:02:28.473420,69.93390845635894,0.2137096371710067,92.67656725999386,0
2026-01-13 15:12:28.473420,72.59115393783473,0.12173281392916153,104.972904682524,0
2026-01-13 15:22:28.473420,66.35173590522233,0.10005387720179414,100.22258278474459,0
2026-01-13 15:32:28.473420,60.937038170552064,0.2104678231283598,104.13952974911433,0
2026-01-13 15:42:28.473420,61.253792432437315,0.43573539694240093,90.07639845317166,0
2026-01-13 15:52:28.473420,64.93647738403804,0.3963616224608286,96.32540299458614,0
2026-01-13 16:02:28.473420,62.03784776132027,0.24409356752017117,95.4078657276905,0
2026-01-13 16:12:28.473420,76.8542380432111,0.22533916703405726,105.77864943552015,0
2026-01-13 16:22:28.473420,77.8374428962147,0.2735269678306118,108.19886287708783,0
2026-01-13 16:32:28.473420,67.54636107926386,0.48563136659604333,91.78579049051146,0
2026-01-13 16:42:28.473420,73.74038533006485,0.2975256161827715,97.75297610911294,0
2026-01-13 16:52:28.473420,72.65423757497202,0.38154283665373245,90.08726539300618,0
2026-01-13 17:02:28.473420,63.33906177494397,0.38521842025372754,103.32770827156413,0
2026-01-13 17:12:28.473420,79.32095010257355,0.4044151161003132,109.01545415462675,0
2026-01-13 17:22:28.473420,74.05081003069614,0.21922088345577728,92.10729844501714,0
2026-01-13 17:32:28.473420,75.63647726689871,0.35765968859036634,90.96372024786592,0
2026-01-13 17:42:28.473420,67.20100931801957,0.4827199261937145,100.00802291420402,0
2026-01-13 17:52:28.473420,68.65458272039409,0.2830798420637176,94.17765448010327,0
2026-01-13 18:02:28.473420,67.3741434172959,0.24792530239487065,91.04710040374945,0
2026-01-13 18:12:28.473420,75.35135257035836,0.2666017727615516,106.44359773632847,0
2026-01-13 18:22:28.473420,77.0069600223979,0.18479762187946325,103.14706964340257,0
2026-01-13 18:32:28.473420,69.44563608325963,0.4520626951685941,94.31481358352909,0
2026-01-13 18:42:28.473420,73.55626400620088,0.34310084890108905,95.90602955143666,0
2026-01-13 18:52:28.473420,62.732018073023454,0.36065590419091065,104.77194916264662,0
2026-01-13 19:02:28.473420,66.312546875267,0.3579330416089256,97.90261815223006,0
2026-01-13 19:12:28.473420,74.26413766565236,0.17968610995762124,107.80430005272349,0
2026-01-13 19:22:28.473420,65.74819192931159,0.24711439510246117,91.161839041607,0
2026-01-13 19:32:28.473420,62.23024424642553,0.30634476108493125,95.35185353455942,0
2026-01-13 19:42:28.473420,76.70960451484389,0.10587735546198154,97.58188097343873,0
2026-01-13 19:52:28.473420,66.74691093538185,0.10773105236704042,92.4873679800102,0
2026-01-13 20:02:28.473420,68.27285349837271,0.29714583377897863,98.08579494509738,0
2026-01-13 20:12:28.473420,70.61875356824187,0.3380526699622726,90.19847642255671,0
2026-01-13 20:22:28.473420,69.28190318907008,0.4853996963550353,100.38064560259097,0
2026-01-13 20:32:28.473420,73.55084534917907,0.2247455431667533,105.47982756305525,0
2026-01-13 20:42:28.473420,75.4584296375223,0.30851841906165556,109.52027646558427,0
2026-01-13 20:52:28.473420,62.511004295253066,0.1067790659558324,105.40316423514192,0
2026-01-13 21:02:28.473420,76.14311074729765,0.14808289164823052,95.31165665917212,0
2026-01-13 21:12:28.473420,60.351047267332575,0.2173234443122259,105.46283747837343,0
2026-01-13 21:22:28.473420,70.35921055425158,0.23923823726731525,97.4347858981266,0
2026-01-13 21:32:28.473420,60.02707251430936,0.21992021102609438,102.9291748327586,0
2026-01-13 21:42:28.473420,79.48388887632714,0.43882433079355987,90.47189929291058,0
2026-01-13 21:52:28.473420,77.97121209349679,0.4132793653194504,105.60752247141961,0
2026-01-13 22:02:28.473420,69.15991518007144,0.25920211718180114,96.05831457666385,0
2026-01-13 22:12:28.473420,61.31389717908731,0.19129414539747966,94.93207269956049,0
2026-01-13 22:22:28.473420,69.68154139420403,0.39897776263867757,99.47619656795894,0
2026-01-13 22:32:28.473420,61.15688898894321,0.4831159203952816,108.85448638188225,0
2026-01-13 22:42:28.473420,75.70379086296816,0.49653116062568825,100.88964665600525,0
2026-01-13 22:52:28.473420,79.25536700506413,0.13024201624670032,97.31361496522743,0
2026-01-13 23:02:28.473420,64.50762536013532,0.178333233653708,92.81605897785352,0
2026-01-13 23:12:28.473420,72.44827283131994,0.412528742298922,101.56596798840721,0
2026-01-13 23:22:28.473420,62.93925419176419,0.42444950797338843,102.71909414327457,0
2026-01-13 23:32:28.473420,67.76331412253991,0.36965211821442523,95.19809958485666,0
2026-01-13 23:42:28.473420,66.90384416988421,0.46699433725279615,95.8100901134284,0
2026-01-13 23:52:28.473420,69.39976536315874,0.45605645495840585,104.15442700535056,0
2026-01-14 00:02:28.473420,61.24406452329406,0.15892121771158815,90.15683181543834,0
2026-01-14 00:12:28.473420,72.61843580458327,0.27906937016416733,92.68549701804551,0
2026-01-14 00:22:28.473420,79.15868242113541,0.31186388957824795,94.83786588225779,0
2026-01-14 00:32:28.473420,70.01207142309416,0.3718481330940432,91.52478435947128,0
2026-01-14 00:42:28.473420,65.49407630095784,0.4227861963535975,99.19329740805323,0
2026-01-14 00:52:28.473420,70.9315428406459,0.2731264008837877,90.8779988528601,0
2026-01-14 01:02:28.473420,63.31499559640312,0.27821665549675634,94.18370930815856,0
2026-01-14 01:12:28.473420,60.999580573193576,0.43745986562072947,109.62385058328232,0
2026-01-14 01:22:28.473420,75.86285747993479,0.4415139686818669,94.83954260634091,0
2026-01-14 01:32:28.473420,79.212539510264,0.17877028178137136,109.02859620723665,0
2026-01-14 01:42:28.473420,79.89638587931901,0.38468912229841956,109.62287463583644,0
2026-01-14 01:52:28.473420,71.39079559134207,0.20381671327043616,98.73991771331242,0
2026-01-14 02:02:28.473420,71.87121870757572,0.129232624810806,102.44686529234492,0
2026-01-14 02:12:28.473420,79.6235567352459,0.17604305991349106,105.85190232576767,0
2026-01-14 02:22:28.473420,78.15797587559238,0.4774806371280883,109.20271208810894,0
2026-01-14 02:32:28.473420,70.42919277442944,0.49092316319660145,105.14620414268877,0
2026-01-14 02:42:28.473420,63.23342872473924,0.290760042587188,104.36662350744008,0
2026-01-14 02:52:28.473420,64.94680631638167,0.35624607341955494,103.33200958093238,0
2026-01-14 03:02:28.473420,63.25399487617132,0.3260341249811025,105.43253821957215,0
2026-01-14 03:12:28.473420,69.97791329071885,0.10484124671044298,90.18076938158585,0
2026-01-14 03:22:28.473420,67.14058687940025,0.4704776273727128,94.57353559207218,0
2026-01-14 03:32:28.473420,72.68727377743375,0.18883034827732825,96.43339979319097,0
2026-01-14 03:42:28.473420,76.96084179202968,0.3915445769079787,91.90798554626421,0
2026-01-14 03:52:28.473420,68.57404041972868,0.11166790545810579,99.61780293206019,0
2026-01-14 04:02:28.473420,73.24868023402136,0.14740104943926063,95.77769877818331,0
2026-01-14 04:12:28.473420,67.95673251004314,0.4678124098624199,109.86510030845928,0
2026-01-14 04:22:28.473420,60.89822597991232,0.4044031693981568,97.43448132804687,0
2026-01-14 04:32:28.473420,67.8491637245896,0.4017059893388091,108.36852864290817,0
2026-01-14 04:42:28.473420,79.01857189005096,0.3308490344153283,97.14242318601006,0
2026-01-14 04:52:28.473420,75.75098171717559,0.20040055330492013,101.28148057667036,0
2026-01-14 05:02:28.473420,67.17156923049747,0.36265242948315046,94.80797825787013,0
2026-01-14 05:12:28.473420,63.83185891469652,0.4672956346701749,92.03607365899074,0
2026-01-14 05:22:28.473420,70.11915815469864,0.18834111318520358,90.77859926651335,0
2026-01-14 05:32:28.473420,60.72037636582853,0.17008870884233096,107.33540709012,0
2026-01-14 05:42:28.473420,65.64957487954054,0.48018366823011827,101.63244585978387,0
2026-01-14 05:52:28.473420,68.73228379537532,0.33203553386778184,100.33396770452535,0
2026-01-14 06:02:28.473420,75.17552507514651,0.2129984263891409,97.06100783200606,0
2026-01-14 06:12:28.473420,77.88188605066502,0.47858260526016216,107.85116454972949,0
2026-01-14 06:22:28.473420,68.38895987914627,0.4121462012027527,99.52671466602197,0
2026-01-14 06:32:28.473420,69.95079704292205,0.1818720436229136,101.82260606517033,0
2026-01-14 06:42:28.473420,63.72271795506696,0.23262587962687753,107.1006040323987,0
2026-01-14 06:52:28.473420,64.14151618421711,0.12846331406937314,91.38015185225633,0
2026-01-14 07:02:28.473420,78.81569041006216,0.30276817518473387,98.18824143634036,0
2026-01-14 07:12:28.473420,76.21757162015837,0.4343303711642065,96.6438206623121,0
2026-01-14 07:22:28.473420,73.8723611494759,0.4084491263407547,103.0930137373191,0
2026-01-14 07:32:28.473420,63.031901496001986,0.4503532334068229,100.78189105472018,0
2026-01-14 07:42:28.473420,65.64944852740007,0.2700912741750776,90.75142180797815,0
2026-01-14 07:52:28.473420,62.557336024448354,0.4062187002063443,90.00023269510733,0
2026-01-14 08:02:28.473420,68.33131656964585,0.3090040724342354,91.09268840001944,0
2026-01-14 08:12:28.473420,79.46156325944665,0.19045013249986878,96.08397439272562,0
2026-01-14 08:22:28.473420,66.07885024510054,0.19216666484693998,90.02947644172623,0
2026-01-14 08:32:28.473420,74.58689588175993,0.4867381999197141,94.4858696657009,0
2026-01-14 08:42:28.473420,73.26094383606845,0.3967585307834861,106.9685075818105,0
2026-01-14 08:52:28.473420,68.45258394027218,0.2211723622561717,96.50590268046062,0
2026-01-14 09:02:28.473420,74.25242666197026,0.4267117866022544,93.63227935513206,0
2026-01-14 09:12:28.473420,67.4188201631553,0.4607760786996601,106.13387039389478,0
2026-01-14 09:22:28.473420,79.69716805524952,0.40169930387283237,97.86390402055845,0
2026-01-14 09:32:28.473420,71.81275667989276,0.36440570169892816,91.56911632634248,0
2026-01-14 09:42:28.473420,70.8899391820773,0.38372833138904383,93.3464260800212,0
2026-01-14 09:52:28.473420,75.61263434851114,0.33350911220564466,109.04443571395188,0
2026-01-14 10:02:28.473420,60.84844596413783,0.2061304550221868,102.03107758599648,0
2026-01-14 10:12:28.473420,65.93119824411862,0.3857696656284969,105.18010565043862,0
2026-01-14 10:22:28.473420,62.050319281329486,0.30554178568270707,100.17781111182111,0
2026-01-14 10:32:28.473420,67.38561540431083,0.4731699450278689,106.55012639746442,0
2026-01-14 10:42:28.473420,73.94418763819273,0.385730654293999,99.23432287626238,0
2026-01-14 10:52:28.473420,78.41989042193151,0.3778381709013142,104.57962123311633,0
2026-01-14 11:02:28.473420,77.23381807574691,0.2096286357368764,106.14141807733407,0
2026-01-14 11:12:28.473420,63.90481205912984,0.23813678089795515,96.71220908539685,0
2026-01-14 11:22:28.473420,79.57050936778282,0.4426148894991707,104.02339723180519,0
2026-01-14 11:32:28.473420,74.5411352323078,0.3248291177610284,108.94181334217038,0
2026-01-14 11:42:28.473420,69.92517505764724,0.2522070839479578,93.26070673863182,0
2026-01-14 11:52:28.473420,75.72411304522116,0.3937775728302366,97.6871007704827,0
2026-01-14 12:02:28.473420,60.50386827918459,0.43559893108720427,90.22835966908147,0
2026-01-14 12:12:28.473420,74.07399559258101,0.4881028438904228,98.75322656296407,0
2026-01-14 12:22:28.473420,64.69946809991906,0.38194840401735275,106.3425628403117,0
2026-01-14 12:32:28.473420,70.92860632155694,0.48681411010245845,91.03337443315922,0
2026-01-14 12:42:28.473420,70.09591196609057,0.38738157892902003,107.25280942298357,0
2026-01-14 12:52:28.473420,63.5851122381558,0.42000139270547254,101.05414151437091,0
2026-01-14 13:02:28.473420,67.93107363979927,0.15268601143163743,107.30591517817825,0
2026-01-14 13:12:28.473420,63.145464163594305,0.2239151436836397,95.80091063924874,0
2026-01-14 13:22:28.473420,77.42828068381709,0.3690811976835592,105.93362794382745,0
2026-01-14 13:32:28.473420,65.00935797584998,0.3499496398427996,101.43491966287498,0
2026-01-14 13:42:28.473420,76.65660753576542,0.46243482419250426,90.24313542954773,0
2026-01-14 13:52:28.473420,73.48039838117586,0.12073431964789161,100.97717330154711,0
2026-01-14 14:02:28.473420,65.75265458087357,0.2227106398088565,97.05917006904713,0
2026-01-14 14:12:28.473420,72.4258489809922,0.23361998626750768,104.65398101180561,0
2026-01-14 14:22:28.473420,68.0905477114774,0.12734128012398346,105.67519684968215,0
2026-01-14 14:32:28.473420,65.71516649185412,0.27310675183970506,103.70887766443803,0
2026-01-14 14:42:28.473420,66.64912314297425,0.12263426245868625,97.47842094025627,0
2026-01-14 14:52:28.473420,78.88897165388607,0.35669375891942334,103.42958297334414,0
2026-01-14 15:02:28.473420,72.64564307275279,0.17959685558377472,98.3666772820456,0
2026-01-14 15:12:28.473420,75.01879596726637,0.14054915902126366,95.55705552179424,0
2026-01-14 15:22:28.473420,65.52638216931707,0.2728075710378024,109.60737481884371,0
2026-01-14 15:32:28.473420,61.35005093367644,0.307480397752238,93.58729364024421,0
2026-01-14 15:42:28.473420,79.41353090819489,0.1453214018909857,98.07202004723183,0
2026-01-14 15:52:28.473420,74.75769969669213,0.38182177121097816,98.45457273787865,0
2026-01-14 16:02:28.473420,66.93048335905436,0.25904495142114825,95.28552526317279,0
2026-01-14 16:12:28.473420,64.106658774136,0.293215879023556,95.37067512135215,0
2026-01-14 16:22:28.473420,65.749233297945,0.3627024253898229,109.37074663399784,0
2026-01-14 16:32:28.473420,72.0727440111875,0.13079178682598652,91.51167227708135,0
2026-01-14 16:42:28.473420,79.02846441691132,0.21891631612293347,91.8413397216495,0
2026-01-14 16:52:28.473420,71.98089174300763,0.3494595113161064,102.97009640237377,0
2026-01-14 17:02:28.473420,65.34804055715082,0.10604427368579002,109.30030738908944,0
2026-01-14 17:12:28.473420,65.01786091382205,0.370410515221019,104.13259739757419,0
2026-01-14 17:22:28.473420,72.20014834158971,0.2251629576854593,95.42192507528131,0
2026-01-14 17:32:28.473420,71.95336565405407,0.4464382534446766,108.9346745784679,0
2026-01-14 17:42:28.473420,62.118116088075155,0.16193144503908796,108.89472517566159,0
2026-01-14 17:52:28.473420,74.73070456669585,0.4531975299319092,94.05265268270686,0
2026-01-14 18:02:28.473420,71.75171742218804,0.38045583776698944,103.60223770893946,0
2026-01-14 18:12:28.473420,68.16303381733397,0.10615795667652339,101.65852113608526,0
2026-01-14 18:22:28.473420,65.06203078359218,0.28010169845715616,109.15162030167635,0
2026-01-14 18:32:28.473420,67.9807063528487,0.4359206426657707,93.77081211498502,0
2026-01-14 18:42:28.473420,93.61560880504442,1.2075941780918846,92.03786201745874,1
2026-01-14 18:52:28.473420,90.53292911520252,1.028709560948213,108.29097327697119,1
2026-01-14 19:02:28.473420,100.47714616982614,1.19602496958369,90.18108323160742,1
2026-01-14 19:12:28.473420,94.58159466455423,0.7964440002257513,104.28105446756254,1
2026-01-14 19:22:28.473420,102.51692614048565,1.0026925017872088,90.2749110802269,1
2026-01-14 19:32:28.473420,94.59493689267586,1.0653906455050373,91.25052591485691,1
2026-01-14 19:42:28.473420,111.16444869788447,1.2883945843607443,91.62298357072478,1
2026-01-14 19:52:28.473420,106.9868856921872,1.02933453095052,108.65421016265523,1
2026-01-14 20:02:28.473420,102.76465264038842,0.9313819571339647,104.7583478670805,1
2026-01-14 20:12:28.473420,98.18889763371683,1.1027334005764398,101.68897819514852,1
2026-01-14 20:22:28.473420,103.11671893337824,1.1853111471950952,103.3292609505367,1
2026-01-14 20:32:28.473420,101.1569710631899,0.9206262009046557,104.10921660566973,1
2026-01-14 20:42:28.473420,109.48131123847779,1.1207038037936674,91.28012693217242,1
2026-01-14 20:52:28.473420,98.93101394273016,0.636853370183723,96.02092155668626,1
2026-01-14 21:02:28.473420,105.11072914917338,1.1756797782313673,92.1078643621561,1
2026-01-14 21:12:28.473420,96.31272657591128,0.7393406120156641,93.18984525082716,1
2026-01-14 21:22:28.473420,99.99544780984809,1.2082549089328292,107.63381223687016,1
2026-01-14 21:32:28.473420,87.20777619617448,0.9731778083732415,96.19613750644938,1
2026-01-14 21:42:28.473420,107.28218825571508,1.137400814228287,97.07578317472871,1
